CASE001,0000,0.000,348.075,565.916,691.520,13,1.0000
CASE001,0000,656.463,316.080,1280.000,800.000,7,1.0000
CASE001,0035,0.000,97.120,267.524,457.017,6,1.0000
CASE001,0035,0.000,97.120,267.524,457.017,9,1.0000
CASE001,0035,549.453,191.435,1280.000,615.086,15,1.0000
CASE001,0070,0.000,152.918,512.412,475.798,2,1.0000
CASE001,0070,0.000,152.918,512.412,475.798,5,1.0000
CASE001,0070,1150.420,592.562,1280.000,732.408,13,1.0000
CASE001,0070,408.003,206.660,1280.000,496.634,9,1.0000
CASE001,0070,559.453,752.699,691.158,800.000,13,1.0000
CASE001,0105,0.000,307.304,810.804,800.000,6,1.0000
CASE001,0105,0.000,307.304,810.804,800.000,9,1.0000
CASE001,0105,851.672,104.602,1280.000,299.974,6,1.0000
CASE001,0105,851.672,104.602,1280.000,299.974,9,1.0000
CASE001,0140,0.000,324.936,798.457,800.000,1,1.0000
CASE001,0140,0.000,324.936,798.457,800.000,4,1.0000
CASE001,0140,0.000,324.936,798.457,800.000,6,1.0000
CASE001,0140,842.607,374.237,1280.000,684.777,13,1.0000
CASE001,0140,1051.286,190.977,1280.000,349.332,6,1.0000
CASE001,0140,1051.286,190.977,1280.000,349.332,9,1.0000
CASE001,0140,802.283,754.756,917.524,800.000,13,1.0000
CASE001,0150,0.000,196.717,662.637,696.460,13,1.0000
CASE001,0150,691.375,253.774,1280.000,539.635,13,1.0000
CASE001,0150,822.862,748.586,933.987,800.000,13,1.0000
CASE001,0150,1096.559,205.373,1280.000,330.823,6,1.0000
CASE001,0150,1096.559,205.373,1280.000,330.823,9,1.0000
CASE001,0175,0.000,218.000,1057.749,800.000,6,1.0000
CASE001,0175,0.000,218.000,1057.749,800.000,9,1.0000
CASE001,0175,999.364,290.010,1280.000,423.686,6,1.0000
CASE001,0175,999.364,290.010,1280.000,423.686,9,1.0000
CASE001,0175,670.868,582.005,1280.000,800.000,6,1.0000
CASE001,0175,670.868,582.005,1280.000,800.000,9,1.0000
CASE001,0175,777.588,736.247,903.119,800.000,6,1.0000
CASE001,0175,777.588,736.247,903.119,800.000,9,1.0000
CASE001,0210,0.000,244.730,905.466,800.000,2,1.0000
CASE001,0210,0.000,244.730,905.466,800.000,15,1.0000
CASE001,0210,913.698,164.406,1280.000,398.853,6,1.0000
CASE001,0210,913.698,164.406,1280.000,398.853,9,1.0000
CASE001,0245,777.878,329.357,1280.000,744.781,10,1.0000
CASE001,0245,777.878,329.357,1280.000,744.781,15,1.0000
CASE001,0245,289.871,343.445,802.283,800.000,13,1.0000
CASE001,0280,573.001,308.102,1280.000,540.492,8,1.0000
CASE001,0280,573.001,308.102,1280.000,540.492,10,1.0000
CASE001,0280,0.000,299.974,565.916,762.699,2,1.0000
CASE001,0280,0.000,299.974,565.916,762.699,5,1.0000
CASE001,0300,493.891,416.387,1280.000,673.457,6,1.0000
CASE001,0300,493.891,416.387,1280.000,673.457,10,1.0000
CASE001,0300,539.092,607.720,714.012,800.000,13,1.0000
CASE001,0300,0.000,281.748,668.810,800.000,2,1.0000
CASE001,0300,0.000,281.748,668.810,800.000,15,1.0000
CASE001,0315,0.000,129.935,514.469,619.395,6,1.0000
CASE001,0315,0.000,129.935,514.469,619.395,10,1.0000
CASE001,0315,552.763,200.604,1280.000,484.408,15,1.0000
CASE001,0315,528.445,453.762,787.738,800.000,15,1.0000
CASE001,0350,0.000,265.296,611.190,800.000,2,1.0000
CASE001,0350,0.000,265.296,611.190,800.000,15,1.0000
CASE001,0350,735.831,39.780,1280.000,282.454,6,1.0000
CASE001,0350,735.831,39.780,1280.000,282.454,10,1.0000
CASE001,0350,483.312,725.964,606.785,800.000,15,1.0000
CASE001,0385,662.637,429.820,1280.000,800.000,10,1.0000
CASE001,0385,736.431,633.419,896.945,800.000,6,1.0000
CASE001,0385,736.431,633.419,896.945,800.000,9,1.0000
CASE001,0420,516.527,466.838,1280.000,800.000,11,1.0000
CASE001,0420,516.527,466.838,1280.000,800.000,15,1.0000
CASE001,0420,78.199,573.779,555.627,800.000,6,1.0000
CASE001,0420,78.199,573.779,555.627,800.000,9,1.0000
CASE001,0450,0.000,41.183,913.698,557.378,4,1.0000
CASE001,0450,0.000,41.183,913.698,557.378,10,1.0000
CASE001,0450,601.872,501.799,1280.000,800.000,4,1.0000
CASE001,0450,601.872,501.799,1280.000,800.000,10,1.0000
CASE001,0450,641.768,750.643,767.299,800.000,15,1.0000
CASE001,0455,504.890,351.659,1280.000,800.000,10,1.0000
CASE001,0455,0.000,485.347,549.453,800.000,6,1.0000
CASE001,0455,0.000,485.347,549.453,800.000,10,1.0000
CASE001,0490,0.000,268.903,619.421,737.797,10,1.0000
CASE001,0490,730.547,231.988,1280.000,567.206,6,1.0000
CASE001,0490,730.547,231.988,1280.000,567.206,9,1.0000
CASE001,0525,426.910,501.799,653.277,800.000,15,1.0000
CASE001,0525,602.729,205.107,1280.000,569.117,4,1.0000
CASE001,0525,602.729,205.107,1280.000,569.117,10,1.0000
CASE001,0525,191.093,528.535,652.058,800.000,6,1.0000
CASE001,0525,191.093,528.535,652.058,800.000,9,1.0000
CASE001,0560,0.000,314.653,500.064,800.000,6,1.0000
CASE001,0560,0.000,314.653,500.064,800.000,9,1.0000
CASE001,0560,652.570,179.159,1280.000,576.074,1,1.0000
CASE001,0560,652.570,179.159,1280.000,576.074,2,1.0000
CASE001,0560,652.570,179.159,1280.000,576.074,4,1.0000
CASE001,0595,612.886,271.663,1280.000,800.000,6,1.0000
CASE001,0595,612.886,271.663,1280.000,800.000,15,1.0000
CASE001,0595,0.000,227.186,660.579,800.000,6,1.0000
CASE001,0595,0.000,227.186,660.579,800.000,9,1.0000
CASE001,0595,821.084,0.000,1280.000,201.542,10,1.0000
CASE001,0600,0.000,279.692,683.215,800.000,6,1.0000
CASE001,0600,0.000,279.692,683.215,800.000,9,1.0000
CASE001,0600,460.965,41.131,1280.000,800.000,12,1.0000
CASE001,0600,921.640,0.000,1280.000,154.242,6,1.0000
CASE001,0600,921.640,0.000,1280.000,154.242,10,1.0000
CASE001,0630,0.000,35.815,792.283,720.648,2,1.0000
CASE001,0630,0.000,35.815,792.283,720.648,5,1.0000
CASE001,0630,0.000,35.815,792.283,720.648,10,1.0000
CASE001,0630,769.646,187.135,1280.000,483.279,10,1.0000
CASE001,0630,678.810,736.247,783.762,800.000,13,1.0000
CASE001,0665,0.000,88.432,705.852,800.000,15,1.0000
CASE001,0665,681.158,201.930,1280.000,592.675,6,1.0000
CASE001,0665,681.158,201.930,1280.000,592.675,10,1.0000
CASE001,0700,103.492,296.144,860.791,800.000,6,1.0000
CASE001,0700,103.492,296.144,860.791,800.000,9,1.0000
CASE001,0700,639.899,43.188,1280.000,333.162,10,1.0000
CASE001,0735,698.190,255.908,1280.000,642.541,15,1.0000
CASE001,0735,514.180,466.838,857.846,800.000,6,1.0000
CASE001,0735,514.180,466.838,857.846,800.000,10,1.0000
CASE001,0750,0.000,285.861,757.299,800.000,15,1.0000
CASE001,0750,773.762,328.085,1280.000,657.134,13,1.0000
CASE001,0770,85.381,588.175,717.150,800.000,11,1.0000
CASE001,0770,85.381,588.175,717.150,800.000,15,1.0000
CASE001,0770,715.710,542.931,1280.000,800.000,10,1.0000
CASE001,0805,0.000,351.671,775.820,800.000,2,1.0000
CASE001,0805,0.000,351.671,775.820,800.000,15,1.0000
CASE001,0805,747.010,499.743,1280.000,800.000,13,1.0000
CASE001,0840,0.000,359.897,609.132,800.000,5,1.0000
CASE001,0840,0.000,359.897,609.132,800.000,9,1.0000
CASE001,0840,726.253,297.702,1280.000,554.771,15,1.0000
CASE001,0875,550.172,141.556,1280.000,540.528,15,1.0000
CASE001,0875,581.379,458.598,787.167,800.000,15,1.0000
CASE001,0900,0.000,292.243,590.611,497.898,6,1.0000
CASE001,0900,0.000,292.243,590.611,497.898,9,1.0000
CASE001,0900,504.038,404.739,1280.000,800.000,11,1.0000
CASE001,0900,504.038,404.739,1280.000,800.000,15,1.0000
CASE001,0910,0.000,297.572,596.785,486.775,6,1.0000
CASE001,0910,0.000,297.572,596.785,486.775,9,1.0000
CASE001,0910,0.000,297.572,596.785,486.775,13,1.0000
CASE001,0910,622.715,332.340,1280.000,800.000,6,1.0000
CASE001,0910,622.715,332.340,1280.000,800.000,15,1.0000
CASE001,0910,541.549,560.957,1136.276,800.000,13,1.0000
CASE001,0945,551.788,636.537,720.534,800.000,15,1.0000
CASE001,0945,404.210,82.985,1280.000,434.656,11,1.0000
CASE001,0945,404.210,82.985,1280.000,434.656,15,1.0000
CASE001,0945,0.000,260.900,543.280,536.478,10,1.0000
CASE001,0980,0.000,284.602,553.569,667.122,11,1.0000
CASE001,0980,0.000,284.602,553.569,667.122,15,1.0000
CASE001,0980,683.279,405.526,1280.000,701.386,10,1.0000
CASE001,1015,0.000,192.861,654.405,515.740,6,1.0000
CASE001,1015,0.000,192.861,654.405,515.740,9,1.0000
CASE001,1015,649.171,239.718,1280.000,800.000,6,1.0000
CASE001,1015,649.171,239.718,1280.000,800.000,10,1.0000
CASE001,1050,0.000,109.745,493.891,488.151,2,1.0000
CASE001,1050,469.196,0.000,808.746,185.090,15,1.0000
CASE001,1085,274.795,621.080,515.567,800.000,6,1.0000
CASE001,1085,274.795,621.080,515.567,800.000,8,1.0000
CASE001,1085,274.795,621.080,515.567,800.000,9,1.0000
CASE001,1085,0.000,413.527,845.788,633.579,15,1.0000
CASE001,1085,631.007,520.741,1155.765,800.000,6,1.0000
CASE001,1085,631.007,520.741,1155.765,800.000,9,1.0000
CASE001,1085,939.360,457.629,1280.000,694.133,13,1.0000
CASE001,1120,0.000,334.828,810.804,731.743,3,1.0000
CASE001,1120,0.000,334.828,810.804,731.743,6,1.0000
CASE001,1120,0.000,334.828,810.804,731.743,9,1.0000
CASE001,1120,915.756,164.377,1280.000,269.261,15,1.0000
CASE001,1120,689.100,0.000,849.614,82.262,3,1.0000
CASE001,1120,689.100,0.000,849.614,82.262,6,1.0000
CASE001,1120,689.100,0.000,849.614,82.262,9,1.0000
CASE001,1155,0.000,313.755,646.174,720.953,7,1.0000
CASE001,1155,0.000,313.755,646.174,720.953,15,1.0000
CASE001,1155,232.251,0.000,629.421,156.298,7,1.0000
CASE001,1155,232.251,0.000,629.421,156.298,15,1.0000
CASE001,1190,0.000,170.309,703.794,491.132,2,1.0000
CASE001,1190,0.000,170.309,703.794,491.132,13,1.0000
CASE001,1190,377.109,0.000,597.302,131.620,13,1.0000
CASE001,1200,0.000,327.881,450.675,560.271,7,1.0000
CASE001,1200,0.000,327.881,450.675,560.271,15,1.0000
CASE001,1200,643.186,602.571,933.347,800.000,6,1.0000
CASE001,1200,643.186,602.571,933.347,800.000,10,1.0000
CASE001,1200,687.331,279.386,1280.000,480.929,13,1.0000
CASE001,1225,0.000,205.020,440.386,680.084,13,1.0000
CASE001,1225,149.559,149.735,1122.936,608.347,6,1.0000
CASE001,1225,149.559,149.735,1122.936,608.347,9,1.0000
CASE001,1225,149.559,149.735,1122.936,608.347,15,1.0000
CASE001,1260,0.000,133.772,403.344,600.610,13,1.0000
CASE001,1260,0.000,308.032,884.887,663.816,7,1.0000
CASE001,1260,0.000,308.032,884.887,663.816,15,1.0000
CASE001,1260,841.672,213.654,1280.000,423.423,13,1.0000
CASE001,1295,0.000,289.939,547.395,614.875,6,1.0000
CASE001,1295,0.000,289.939,547.395,614.875,9,1.0000
CASE001,1295,846.104,708.234,959.287,800.000,6,1.0000
CASE001,1295,846.104,708.234,959.287,800.000,10,1.0000
CASE001,1295,750.873,524.130,1280.000,748.295,4,1.0000
CASE001,1295,750.873,524.130,1280.000,748.295,10,1.0000
CASE001,1330,475.370,429.675,1280.000,775.177,15,1.0000
CASE001,1330,843.441,684.833,1003.955,800.000,6,1.0000
CASE001,1330,843.441,684.833,1003.955,800.000,10,1.0000
CASE001,1330,0.000,437.763,370.418,735.964,6,1.0000
CASE001,1330,0.000,437.763,370.418,735.964,9,1.0000
CASE001,1350,0.000,190.318,650.289,648.929,6,1.0000
CASE001,1350,0.000,190.318,650.289,648.929,9,1.0000
CASE001,1350,595.676,381.640,1280.000,638.069,1,1.0000
CASE001,1350,595.676,381.640,1280.000,638.069,4,1.0000
CASE001,1350,595.676,381.640,1280.000,638.069,10,1.0000
CASE001,1350,667.113,620.217,829.777,800.000,6,1.0000
CASE001,1350,667.113,620.217,829.777,800.000,10,1.0000
CASE001,1350,667.113,620.217,829.777,800.000,14,1.0000
CASE001,1365,0.000,0.000,755.241,292.031,6,1.0000
CASE001,1365,0.000,0.000,755.241,292.031,9,1.0000
CASE001,1365,460.888,337.665,1280.000,800.000,15,1.0000
CASE001,1400,0.000,98.101,656.463,550.544,6,1.0000
CASE001,1400,0.000,98.101,656.463,550.544,9,1.0000
CASE001,1400,835.651,441.544,1280.000,702.636,11,1.0000
CASE001,1400,835.651,441.544,1280.000,702.636,15,1.0000
CASE001,1435,0.000,174.457,615.305,618.673,6,1.0000
CASE001,1435,0.000,174.457,615.305,618.673,9,1.0000
CASE001,1435,595.830,236.365,1280.000,497.548,15,1.0000
CASE001,1435,697.331,639.306,800.225,772.982,10,1.0000
CASE001,1470,0.000,154.340,584.437,567.707,6,1.0000
CASE001,1470,0.000,154.340,584.437,567.707,9,1.0000
CASE001,1470,640.000,311.653,1280.000,616.023,15,1.0000
CASE001,1470,591.144,339.332,957.446,800.000,10,1.0000
CASE001,1500,0.000,273.411,666.752,695.005,6,1.0000
CASE001,1500,0.000,273.411,666.752,695.005,15,1.0000
CASE001,1500,755.241,186.230,1280.000,406.282,6,1.0000
CASE001,1500,755.241,186.230,1280.000,406.282,10,1.0000
CASE001,1500,477.138,618.740,598.553,800.000,6,1.0000
CASE001,1500,477.138,618.740,598.553,800.000,10,1.0000
CASE001,1505,0.000,225.961,647.781,654.095,6,1.0000
CASE001,1505,0.000,225.961,647.781,654.095,10,1.0000
CASE001,1505,513.050,385.146,1280.000,800.000,15,1.0000
CASE001,1505,427.815,451.717,641.834,800.000,6,1.0000
CASE001,1505,427.815,451.717,641.834,800.000,10,1.0000
CASE001,1540,0.000,150.726,714.084,736.844,13,1.0000
CASE001,1540,598.842,210.989,1280.000,591.452,10,1.0000
CASE001,1540,427.749,554.987,577.974,800.000,6,1.0000
CASE001,1540,427.749,554.987,577.974,800.000,10,1.0000
CASE001,1575,0.000,415.424,728.489,800.000,7,1.0000
CASE001,1575,0.000,415.424,728.489,800.000,11,1.0000
CASE001,1575,787.170,196.460,1280.000,435.021,6,1.0000
CASE001,1575,787.170,196.460,1280.000,435.021,10,1.0000
CASE001,1575,460.675,624.910,582.090,800.000,6,1.0000
CASE001,1575,460.675,624.910,582.090,800.000,10,1.0000
CASE001,1610,0.000,268.363,561.801,698.183,9,1.0000
CASE001,1610,627.464,283.211,1280.000,569.072,6,1.0000
CASE001,1610,627.464,283.211,1280.000,569.072,10,1.0000
CASE001,1610,444.212,526.195,588.264,800.000,10,1.0000
CASE001,1645,0.000,211.825,701.736,800.000,6,1.0000
CASE001,1645,0.000,211.825,701.736,800.000,9,1.0000
CASE001,1645,664.391,699.229,802.269,800.000,15,1.0000
CASE001,1645,638.649,398.843,1280.000,690.874,10,1.0000
CASE001,1645,638.649,398.843,1280.000,690.874,15,1.0000
CASE001,1645,96.431,505.913,423.633,800.000,6,1.0000
CASE001,1645,96.431,505.913,423.633,800.000,10,1.0000
CASE001,1650,557.685,409.254,1280.000,800.000,10,1.0000
CASE001,1650,123.183,487.404,542.990,800.000,6,1.0000
CASE001,1650,123.183,487.404,542.990,800.000,9,1.0000
CASE001,1680,0.000,195.373,720.257,800.000,6,1.0000
CASE001,1680,0.000,195.373,720.257,800.000,9,1.0000
CASE001,1680,664.695,493.573,1280.000,800.000,13,1.0000
CASE001,1715,116.936,478.956,528.511,800.000,6,1.0000
CASE001,1715,116.936,478.956,528.511,800.000,10,1.0000
CASE001,1715,653.497,258.281,1280.000,558.538,15,1.0000
CASE001,1750,917.524,127.224,1280.000,293.805,6,1.0000
CASE001,1750,917.524,127.224,1280.000,293.805,10,1.0000
CASE001,1750,750.836,495.347,929.871,800.000,11,1.0000
CASE001,1750,750.836,495.347,929.871,800.000,15,1.0000
CASE001,1750,277.524,250.900,820.804,800.000,10,1.0000
CASE001,1785,72.347,384.576,819.357,800.000,2,1.0000
CASE001,1785,72.347,384.576,819.357,800.000,5,1.0000
CASE001,1785,699.363,311.462,1280.000,537.683,6,1.0000
CASE001,1785,699.363,311.462,1280.000,537.683,10,1.0000
CASE001,1785,671.755,462.725,953.684,800.000,10,1.0000
CASE001,1800,0.000,354.426,518.585,800.000,6,1.0000
CASE001,1800,0.000,354.426,518.585,800.000,10,1.0000
CASE001,1800,797.738,124.087,1280.000,305.063,13,1.0000
CASE001,1800,621.190,483.008,899.003,800.000,14,1.0000
CASE001,1820,308.658,512.082,701.713,800.000,11,1.0000
CASE001,1820,308.658,512.082,701.713,800.000,15,1.0000
CASE001,1820,849.904,349.038,1280.000,550.581,6,1.0000
CASE001,1820,849.904,349.038,1280.000,550.581,10,1.0000
CASE001,1820,730.257,515.913,944.277,800.000,10,1.0000
CASE001,1820,730.257,515.913,944.277,800.000,14,1.0000
CASE001,1855,905.466,0.000,1280.000,121.337,15,1.0000
CASE001,1855,0.000,0.000,923.987,604.627,7,1.0000
CASE001,1855,335.145,614.910,639.711,800.000,6,1.0000
CASE001,1855,335.145,614.910,639.711,800.000,10,1.0000
CASE001,1855,479.196,472.725,884.598,800.000,6,1.0000
CASE001,1855,479.196,472.725,884.598,800.000,10,1.0000
CASE001,1890,0.000,270.517,637.942,531.699,6,1.0000
CASE001,1890,0.000,270.517,637.942,531.699,10,1.0000
CASE001,1890,769.646,88.355,1280.000,296.067,10,1.0000
CASE001,1925,160.514,577.892,337.492,800.000,13,1.0000
CASE001,1925,0.000,487.121,333.376,678.380,11,1.0000
CASE001,1925,0.000,487.121,333.376,678.380,15,1.0000
CASE001,1925,0.000,0.000,436.270,228.278,13,1.0000
CASE001,1925,853.730,0.000,1280.000,160.411,13,1.0000
CASE001,1950,621.574,36.883,1280.000,291.876,13,1.0000
CASE001,1950,0.000,57.301,646.174,612.571,2,1.0000
CASE001,1950,0.000,57.301,646.174,612.571,5,1.0000
CASE001,1950,691.158,744.473,818.746,800.000,13,1.0000
CASE001,1960,515.632,549.152,1280.000,775.374,6,1.0000
CASE001,1960,515.632,549.152,1280.000,775.374,8,1.0000
CASE001,1960,515.632,549.152,1280.000,775.374,9,1.0000
CASE001,1960,0.000,337.632,642.058,738.661,7,1.0000
CASE001,1960,0.000,337.632,642.058,738.661,11,1.0000
CASE001,1960,0.000,337.632,642.058,738.661,15,1.0000
CASE001,1960,759.357,320.940,1280.000,584.179,10,1.0000
CASE001,1995,0.000,384.576,518.585,800.000,3,1.0000
CASE001,1995,502.122,78.149,1280.000,349.614,6,1.0000
CASE001,1995,502.122,78.149,1280.000,349.614,10,1.0000
CASE001,1995,376.592,345.220,1280.000,631.548,12,1.0000
CASE001,1995,0.000,125.167,547.395,435.707,6,1.0000
CASE001,1995,0.000,125.167,547.395,435.707,9,1.0000
CASE001,2030,517.695,498.939,875.766,716.934,14,1.0000
CASE001,2030,517.695,498.939,875.766,716.934,15,1.0000
CASE001,2030,0.000,228.507,539.164,592.518,13,1.0000
CASE001,2030,609.969,0.000,1280.000,281.748,15,1.0000
CASE001,2030,0.000,26.452,553.569,437.763,6,1.0000
CASE001,2030,0.000,26.452,553.569,437.763,9,1.0000
CASE001,2065,60.177,49.343,457.348,281.733,6,1.0000
CASE001,2065,60.177,49.343,457.348,281.733,13,1.0000
CASE001,2065,723.899,65.810,970.845,205.656,6,1.0000
CASE001,2065,723.899,65.810,970.845,205.656,13,1.0000
CASE001,2100,0.000,417.481,681.158,800.000,13,1.0000
CASE001,2100,0.000,81.267,1016.592,550.162,6,1.0000
CASE001,2100,0.000,81.267,1016.592,550.162,10,1.0000
CASE001,2100,664.695,0.000,1280.000,462.725,2,1.0000
CASE001,2100,664.695,0.000,1280.000,462.725,5,1.0000
CASE001,2100,664.695,0.000,1280.000,462.725,15,1.0000
CASE001,2100,989.550,129.280,1280.000,367.841,13,1.0000
CASE001,2135,0.000,296.457,504.180,609.053,2,1.0000
CASE001,2135,0.000,296.457,504.180,609.053,15,1.0000
CASE001,2135,0.000,168.349,685.273,365.779,6,1.0000
CASE001,2135,0.000,168.349,685.273,365.779,9,1.0000
CASE001,2135,816.522,367.554,1280.000,558.814,13,1.0000
CASE001,2170,0.000,79.535,535.048,316.038,6,1.0000
CASE001,2170,0.000,79.535,535.048,316.038,9,1.0000
CASE001,2170,584.306,125.595,1280.000,347.703,1,1.0000
CASE001,2170,584.306,125.595,1280.000,347.703,4,1.0000
CASE001,2170,584.306,125.595,1280.000,347.703,10,1.0000
CASE001,2170,0.000,0.000,465.080,65.810,6,1.0000
CASE001,2170,0.000,0.000,465.080,65.810,9,1.0000
CASE001,2170,1168.875,680.720,1280.000,800.000,6,1.0000
CASE001,2170,1168.875,680.720,1280.000,800.000,9,1.0000
CASE001,2205,0.000,42.913,512.412,209.494,6,1.0000
CASE001,2205,0.000,42.913,512.412,209.494,9,1.0000
CASE001,2205,642.742,309.372,1280.000,543.820,15,1.0000
CASE001,2205,0.000,166.298,506.238,520.026,6,1.0000
CASE001,2205,0.000,166.298,506.238,520.026,9,1.0000
CASE001,2205,608.842,620.797,794.051,800.000,9,1.0000
CASE001,2240,0.000,293.058,605.016,729.048,15,1.0000
CASE001,2240,0.000,140.446,487.717,290.574,6,1.0000
CASE001,2240,0.000,140.446,487.717,290.574,9,1.0000
CASE001,2240,658.878,237.634,1280.000,439.177,13,1.0000
CASE001,2250,0.000,241.604,672.926,568.596,6,1.0000
CASE001,2250,0.000,241.604,672.926,568.596,10,1.0000
CASE001,2250,641.020,308.483,1147.258,800.000,15,1.0000
CASE001,2250,819.035,121.054,1280.000,277.352,4,1.0000
CASE001,2250,819.035,121.054,1280.000,277.352,10,1.0000
CASE001,2275,592.379,246.504,1280.000,643.419,15,1.0000
CASE001,2275,0.000,308.200,514.469,707.172,2,1.0000
CASE001,2275,0.000,308.200,514.469,707.172,5,1.0000
CASE001,2310,379.189,344.875,864.848,457.986,6,1.0000
CASE001,2310,379.189,344.875,864.848,457.986,9,1.0000
CASE001,2345,0.000,534.704,903.408,800.000,6,1.0000
CASE001,2345,0.000,534.704,903.408,800.000,9,1.0000
CASE001,2345,0.000,34.841,779.936,526.358,13,1.0000
CASE001,2345,870.482,234.784,1280.000,421.930,6,1.0000
CASE001,2345,870.482,234.784,1280.000,421.930,10,1.0000
CASE001,2380,0.000,401.028,602.958,800.000,2,1.0000
CASE001,2380,0.000,401.028,602.958,800.000,15,1.0000
CASE001,2380,726.431,277.946,1280.000,483.602,13,1.0000
CASE001,2400,0.000,262.125,298.392,562.382,6,1.0000
CASE001,2400,0.000,262.125,298.392,562.382,9,1.0000
CASE001,2400,601.012,116.630,1280.000,511.489,15,1.0000
CASE001,2400,767.299,744.473,892.830,800.000,13,1.0000
CASE001,2415,562.926,342.841,1015.659,800.000,10,1.0000
CASE001,2415,562.926,342.841,1015.659,800.000,14,1.0000
CASE001,2415,613.248,493.290,1280.000,651.645,11,1.0000
CASE001,2415,613.248,493.290,1280.000,651.645,15,1.0000
CASE001,2415,0.000,489.177,493.891,758.586,6,1.0000
CASE001,2415,0.000,489.177,493.891,758.586,10,1.0000
CASE001,2450,0.000,186.797,798.457,565.203,10,1.0000
CASE001,2450,692.297,91.629,1280.000,260.266,6,1.0000
CASE001,2450,692.297,91.629,1280.000,260.266,10,1.0000
CASE001,2450,0.000,0.000,172.862,300.257,6,1.0000
CASE001,2450,0.000,0.000,172.862,300.257,9,1.0000
CASE001,2485,0.000,132.023,728.489,635.879,2,1.0000
CASE001,2485,0.000,132.023,728.489,635.879,5,1.0000
CASE001,2485,0.000,132.023,728.489,635.879,10,1.0000
CASE001,2485,719.283,316.357,1280.000,705.046,13,1.0000
CASE001,2520,0.000,293.603,570.032,639.104,6,1.0000
CASE001,2520,0.000,293.603,570.032,639.104,10,1.0000
CASE001,2520,658.521,218.549,1280.000,520.068,10,1.0000
CASE001,2520,649.756,477.121,948.149,800.000,6,1.0000
CASE001,2520,649.756,477.121,948.149,800.000,10,1.0000
CASE001,2550,806.688,119.368,1280.000,380.550,10,1.0000
CASE001,2550,0.000,341.388,576.206,800.000,6,1.0000
CASE001,2550,0.000,341.388,576.206,800.000,10,1.0000
CASE001,2550,588.264,546.761,798.167,800.000,11,1.0000
CASE001,2550,588.264,546.761,798.167,800.000,15,1.0000
CASE001,2555,0.000,326.875,689.389,653.867,13,1.0000
CASE001,2555,0.000,47.431,283.987,386.763,6,1.0000
CASE001,2555,0.000,47.431,283.987,386.763,9,1.0000
CASE001,2555,704.705,290.191,1280.000,559.599,13,1.0000
CASE001,2555,707.190,470.502,1007.641,800.000,14,1.0000
CASE001,2590,0.000,259.035,300.450,546.953,6,1.0000
CASE001,2590,0.000,259.035,300.450,546.953,9,1.0000
CASE001,2590,613.248,159.467,1280.000,564.609,1,1.0000
CASE001,2590,613.248,159.467,1280.000,564.609,4,1.0000
CASE001,2590,613.248,159.467,1280.000,564.609,10,1.0000
CASE001,2590,831.869,738.303,932.705,800.000,13,1.0000
CASE001,2590,0.000,297.918,491.833,458.329,6,1.0000
CASE001,2590,0.000,297.918,491.833,458.329,10,1.0000
CASE001,2660,0.000,314.653,656.463,800.000,15,1.0000
CASE001,2660,708.539,258.136,1280.000,611.864,15,1.0000
CASE001,2695,0.000,361.954,541.222,800.000,6,1.0000
CASE001,2695,0.000,361.954,541.222,800.000,9,1.0000
CASE001,2695,648.232,288.316,1280.000,654.383,15,1.0000
CASE001,2695,744.766,561.440,985.538,800.000,9,1.0000
CASE001,2700,0.000,295.991,570.032,800.000,6,1.0000
CASE001,2700,0.000,295.991,570.032,800.000,9,1.0000
CASE001,2700,612.299,195.815,1280.000,502.242,6,1.0000
CASE001,2700,612.299,195.815,1280.000,502.242,10,1.0000
CASE001,2730,761.415,402.858,1280.000,661.984,11,1.0000
CASE001,2730,761.415,402.858,1280.000,661.984,15,1.0000
CASE001,2730,0.000,255.013,448.617,674.550,6,1.0000
CASE001,2730,0.000,255.013,448.617,674.550,10,1.0000
CASE001,2765,666.752,286.075,1280.000,592.502,7,1.0000
CASE001,2765,666.752,286.075,1280.000,592.502,11,1.0000
CASE001,2765,666.752,286.075,1280.000,592.502,15,1.0000
CASE001,2765,414.579,417.481,892.006,800.000,6,1.0000
CASE001,2765,414.579,417.481,892.006,800.000,9,1.0000
CASE001,2765,812.572,663.985,956.624,800.000,6,1.0000
CASE001,2765,812.572,663.985,956.624,800.000,10,1.0000
CASE001,2800,235.625,405.141,801.541,800.000,6,1.0000
CASE001,2800,235.625,405.141,801.541,800.000,9,1.0000
CASE001,2800,654.405,220.090,1280.000,520.347,1,1.0000
CASE001,2800,654.405,220.090,1280.000,520.347,2,1.0000
CASE001,2800,654.405,220.090,1280.000,520.347,4,1.0000
CASE001,2835,533.200,269.409,1280.000,800.000,6,1.0000
CASE001,2835,533.200,269.409,1280.000,800.000,10,1.0000
CASE001,2835,533.200,269.409,1280.000,800.000,15,1.0000
CASE001,2835,829.035,38.792,1280.000,258.843,6,1.0000
CASE001,2835,829.035,38.792,1280.000,258.843,10,1.0000
CASE001,2835,0.000,332.879,526.817,684.550,6,1.0000
CASE001,2835,0.000,332.879,526.817,684.550,9,1.0000
CASE001,2835,0.000,532.365,240.772,800.000,15,1.0000
CASE001,2850,0.000,248.051,847.846,712.832,15,1.0000
CASE001,2850,836.715,358.303,1280.000,659.274,10,1.0000
CASE001,2870,0.000,117.224,605.016,800.000,1,1.0000
CASE001,2870,0.000,117.224,605.016,800.000,6,1.0000
CASE001,2870,0.000,117.224,605.016,800.000,9,1.0000
CASE001,2870,432.154,388.689,1280.000,800.000,6,1.0000
CASE001,2870,432.154,388.689,1280.000,800.000,10,1.0000
CASE001,2905,466.109,405.436,1280.000,800.000,6,1.0000
CASE001,2905,466.109,405.436,1280.000,800.000,10,1.0000
CASE001,2905,0.000,160.411,691.447,800.000,2,1.0000
CASE001,2905,0.000,160.411,691.447,800.000,5,1.0000
CASE001,2940,0.000,237.894,532.990,686.223,6,1.0000
CASE001,2940,0.000,237.894,532.990,686.223,9,1.0000
CASE001,2940,563.859,0.000,1280.000,257.069,10,1.0000
CASE001,2940,718.199,304.370,1280.000,682.776,15,1.0000
CASE001,2975,218.893,407.198,714.842,800.000,2,1.0000
CASE001,2975,218.893,407.198,714.842,800.000,5,1.0000
CASE001,2975,660.579,450.386,1280.000,800.000,13,1.0000
CASE001,3000,0.000,248.128,687.331,723.192,6,1.0000
CASE001,3000,0.000,248.128,687.331,723.192,9,1.0000
CASE001,3000,864.309,217.584,1280.000,396.505,10,1.0000
CASE001,3010,707.910,549.100,1280.000,800.000,13,1.0000
CASE001,3010,53.659,473.008,703.949,800.000,7,1.0000
CASE001,3010,53.659,473.008,703.949,800.000,15,1.0000
CASE001,3045,0.000,354.961,407.460,684.010,6,1.0000
CASE001,3045,0.000,354.961,407.460,684.010,9,1.0000
CASE001,3045,615.305,0.000,1280.000,368.123,15,1.0000
CASE001,3045,810.514,684.550,952.508,800.000,6,1.0000
CASE001,3045,810.514,684.550,952.508,800.000,10,1.0000
CASE001,3080,697.621,117.992,1280.000,428.532,11,1.0000
CASE001,3080,697.621,117.992,1280.000,428.532,15,1.0000
CASE001,3080,0.000,281.465,547.395,557.044,3,1.0000
CASE001,3080,0.000,281.465,547.395,557.044,6,1.0000
CASE001,3115,625.595,176.741,1280.000,522.242,15,1.0000
CASE001,3115,0.000,425.424,512.412,703.059,6,1.0000
CASE001,3115,0.000,425.424,512.412,703.059,9,1.0000
CASE001,3150,0.000,110.135,786.109,659.235,6,1.0000
CASE001,3150,0.000,110.135,786.109,659.235,9,1.0000
CASE001,3150,746.373,184.726,1280.000,343.081,4,1.0000
CASE001,3150,746.373,184.726,1280.000,343.081,10,1.0000
CASE001,3150,962.797,322.596,1280.000,610.514,6,1.0000
CASE001,3150,962.797,322.596,1280.000,610.514,10,1.0000
CASE001,3150,962.797,322.596,1280.000,610.514,14,1.0000
CASE001,3185,0.000,189.559,779.936,769.508,2,1.0000
CASE001,3185,0.000,189.559,779.936,769.508,13,1.0000
CASE001,3185,809.773,254.009,1280.000,478.173,13,1.0000
CASE001,3185,624.871,457.546,997.347,800.000,14,1.0000
CASE001,3220,0.000,228.272,423.923,660.149,6,1.0000
CASE001,3220,0.000,228.272,423.923,660.149,9,1.0000
CASE001,3220,518.585,222.528,1280.000,551.576,1,1.0000
CASE001,3220,518.585,222.528,1280.000,551.576,4,1.0000
CASE001,3220,518.585,222.528,1280.000,551.576,10,1.0000
CASE001,3255,540.107,552.556,1280.000,800.000,10,1.0000
CASE001,3255,540.107,552.556,1280.000,800.000,15,1.0000
CASE001,3255,135.531,639.589,398.939,800.000,6,1.0000
CASE001,3255,135.531,639.589,398.939,800.000,15,1.0000
CASE001,3290,831.383,357.764,1280.000,518.175,1,1.0000
CASE001,3290,831.383,357.764,1280.000,518.175,4,1.0000
CASE001,3290,831.383,357.764,1280.000,518.175,10,1.0000
CASE001,3290,736.431,612.571,987.492,800.000,14,1.0000
CASE001,3290,736.431,612.571,987.492,800.000,15,1.0000
CASE001,3290,0.000,398.972,625.595,800.000,6,1.0000
CASE001,3290,0.000,398.972,625.595,800.000,9,1.0000
CASE001,3300,0.000,588.175,211.961,800.000,6,1.0000
CASE001,3300,0.000,588.175,211.961,800.000,9,1.0000
CASE001,3300,401.286,421.594,1280.000,800.000,4,1.0000
CASE001,3300,401.286,421.594,1280.000,800.000,15,1.0000
CASE001,3300,467.297,178.920,833.599,800.000,13,1.0000
CASE001,3325,0.000,211.314,687.331,711.057,7,1.0000
CASE001,3325,0.000,211.314,687.331,711.057,15,1.0000
CASE001,3325,514.469,204.354,1280.000,599.213,10,1.0000
CASE001,3325,697.331,699.229,894.887,800.000,15,1.0000
CASE001,3360,0.000,332.771,407.460,659.763,6,1.0000
CASE001,3360,0.000,332.771,407.460,659.763,9,1.0000
CASE001,3360,741.869,262.078,1280.000,504.752,15,1.0000
CASE001,3360,0.000,0.000,296.334,292.031,6,1.0000
CASE001,3360,0.000,0.000,296.334,292.031,9,1.0000
CASE001,3360,0.000,0.000,296.334,292.031,15,1.0000
CASE001,3360,1121.254,698.946,1280.000,800.000,13,1.0000
CASE001,3395,766.134,398.972,1128.321,800.000,7,1.0000
CASE001,3395,766.134,398.972,1128.321,800.000,11,1.0000
CASE001,3395,766.134,398.972,1128.321,800.000,15,1.0000
CASE001,3395,849.904,165.823,1280.000,402.327,13,1.0000
CASE001,3395,967.483,392.474,1280.000,670.109,6,1.0000
CASE001,3395,967.483,392.474,1280.000,670.109,10,1.0000
CASE001,3430,0.000,213.882,794.341,800.000,6,1.0000
CASE001,3430,0.000,213.882,794.341,800.000,10,1.0000
CASE001,3430,784.051,303.322,1280.000,461.677,13,1.0000
CASE001,3430,929.871,256.787,1280.000,608.458,6,1.0000
CASE001,3430,929.871,256.787,1280.000,608.458,10,1.0000
CASE001,3456,770.285,161.357,1280.000,346.447,15,1.0000
CASE001,3456,968.769,324.499,1280.000,585.193,6,1.0000
CASE001,3456,968.769,324.499,1280.000,585.193,10,1.0000
CASE001,3456,0.000,118.997,374.534,365.784,6,1.0000
CASE001,3456,0.000,118.997,374.534,365.784,10,1.0000
CASE001,3463,515.986,81.131,1280.000,313.521,4,1.0000
CASE001,3463,528.639,363.832,901.115,800.000,6,1.0000
CASE001,3463,528.639,363.832,901.115,800.000,10,1.0000
CASE001,3463,0.000,98.432,277.814,287.635,6,1.0000
CASE001,3463,0.000,98.432,277.814,287.635,9,1.0000
CASE001,3470,0.000,96.842,633.826,460.852,2,1.0000
CASE001,3470,0.000,96.842,633.826,460.852,15,1.0000
CASE001,3470,652.919,61.505,1280.000,318.574,15,1.0000
CASE001,3470,716.765,310.540,1255.929,800.000,6,1.0000
CASE001,3470,716.765,310.540,1255.929,800.000,10,1.0000
CASE001,3477,269.287,429.820,1211.795,800.000,10,1.0000
CASE001,3477,479.196,369.897,703.505,800.000,6,1.0000
CASE001,3477,479.196,369.897,703.505,800.000,10,1.0000
CASE001,3477,479.196,369.897,703.505,800.000,14,1.0000
CASE001,3483,374.534,259.125,1280.000,619.022,1,1.0000
CASE001,3483,374.534,259.125,1280.000,619.022,4,1.0000
CASE001,3483,374.534,259.125,1280.000,619.022,15,1.0000
CASE001,3483,197.267,277.635,736.431,800.000,6,1.0000
CASE001,3483,197.267,277.635,736.431,800.000,9,1.0000
CASE001,3484,0.000,174.668,543.280,608.602,6,1.0000
CASE001,3484,0.000,174.668,543.280,608.602,9,1.0000
CASE001,3484,0.000,576.332,413.633,685.330,6,1.0000
CASE001,3484,0.000,576.332,413.633,685.330,15,1.0000
CASE001,3484,783.796,120.458,1280.000,363.132,13,1.0000
CASE001,3491,0.000,0.000,432.154,187.147,13,1.0000
CASE001,3491,0.000,252.715,401.286,485.105,2,1.0000
CASE001,3491,0.000,252.715,401.286,485.105,15,1.0000
CASE001,3498,0.000,228.659,168.746,382.901,2,1.0000
CASE001,3498,0.000,228.659,168.746,382.901,13,1.0000
CASE001,3498,717.935,0.000,1280.000,255.013,13,1.0000
CASE001,3498,96.431,386.350,429.807,606.401,13,1.0000
CASE001,3512,425.185,713.625,630.973,800.000,6,1.0000
CASE001,3512,425.185,713.625,630.973,800.000,9,1.0000
CASE001,3512,840.751,562.633,1280.000,800.000,13,1.0000
CASE001,3512,0.000,452.442,487.717,800.000,7,1.0000
CASE001,3513,0.000,324.577,696.206,640.170,1,1.0000
CASE001,3513,0.000,324.577,696.206,640.170,6,1.0000
CASE001,3513,734.662,305.638,1280.000,548.312,13,1.0000
CASE001,3519,405.010,682.776,664.303,800.000,6,1.0000
CASE001,3519,405.010,682.776,664.303,800.000,9,1.0000
CASE001,3533,796.399,114.716,1280.000,493.122,13,1.0000
CASE001,3533,0.000,195.373,506.238,800.000,13,1.0000
CASE001,3540,0.000,279.692,629.711,800.000,6,1.0000
CASE001,3540,0.000,279.692,629.711,800.000,9,1.0000
CASE001,3540,563.859,116.463,1280.000,461.964,1,1.0000
CASE001,3540,563.859,116.463,1280.000,461.964,4,1.0000
CASE001,3540,563.859,116.463,1280.000,461.964,10,1.0000
CASE001,3543,797.506,274.460,1280.000,467.777,13,1.0000
CASE001,3543,0.000,258.843,460.965,445.990,13,1.0000
CASE001,3547,583.496,235.867,1280.000,509.389,1,1.0000
CASE001,3547,583.496,235.867,1280.000,509.389,4,1.0000
CASE001,3547,583.496,235.867,1280.000,509.389,10,1.0000
CASE001,3554,547.395,346.846,1280.000,589.520,1,1.0000
CASE001,3554,547.395,346.846,1280.000,589.520,2,1.0000
CASE001,3554,547.395,346.846,1280.000,589.520,4,1.0000
CASE001,3554,683.215,752.699,796.399,800.000,6,1.0000
CASE001,3554,683.215,752.699,796.399,800.000,9,1.0000
CASE001,3561,0.000,413.939,644.116,749.158,6,1.0000
CASE001,3561,0.000,413.939,644.116,749.158,9,1.0000
CASE001,3561,592.669,144.102,1280.000,429.964,1,1.0000
CASE001,3561,592.669,144.102,1280.000,429.964,4,1.0000
CASE001,3561,592.669,144.102,1280.000,429.964,15,1.0000
CASE001,3568,641.398,307.154,1280.000,558.054,4,1.0000
CASE001,3568,0.000,606.684,732.605,800.000,6,1.0000
CASE001,3568,0.000,606.684,732.605,800.000,9,1.0000
CASE001,3573,485.659,366.067,1280.000,800.000,7,1.0000
CASE001,3573,485.659,366.067,1280.000,800.000,10,1.0000
CASE001,3573,450.386,641.645,658.232,800.000,6,1.0000
CASE001,3573,450.386,641.645,658.232,800.000,10,1.0000
CASE001,3575,576.206,385.717,1280.000,576.977,15,1.0000
CASE001,3575,189.035,610.797,448.328,800.000,6,1.0000
CASE001,3575,189.035,610.797,448.328,800.000,9,1.0000
CASE001,3582,693.505,205.243,1280.000,419.125,15,1.0000
CASE001,3582,0.000,433.650,644.116,709.229,6,1.0000
CASE001,3582,0.000,433.650,644.116,709.229,9,1.0000
CASE001,3589,594.727,166.573,1280.000,483.283,1,1.0000
CASE001,3589,594.727,166.573,1280.000,483.283,4,1.0000
CASE001,3589,594.727,166.573,1280.000,483.283,10,1.0000
CASE001,3596,627.653,65.026,1280.000,352.944,7,1.0000
CASE001,3596,0.000,256.787,415.691,542.648,2,1.0000
CASE001,3603,707.529,561.686,1280.000,800.000,1,1.0000
CASE001,3603,707.529,561.686,1280.000,800.000,4,1.0000
CASE001,3603,707.529,561.686,1280.000,800.000,10,1.0000
CASE001,3603,505.964,699.229,730.272,800.000,6,1.0000
CASE001,3603,505.964,699.229,730.272,800.000,9,1.0000
CASE001,3617,707.910,297.472,1280.000,642.973,11,1.0000
CASE001,3617,707.910,297.472,1280.000,642.973,15,1.0000
CASE001,3617,76.881,366.067,681.897,800.000,6,1.0000
CASE001,3617,76.881,366.067,681.897,800.000,9,1.0000
CASE001,3624,481.543,162.468,1280.000,682.776,15,1.0000
CASE001,3624,376.302,518.252,549.164,800.000,6,1.0000
CASE001,3624,376.302,518.252,549.164,800.000,10,1.0000
CASE001,3631,777.878,493.573,1280.000,800.000,11,1.0000
CASE001,3631,777.878,493.573,1280.000,800.000,15,1.0000
CASE001,3631,460.675,444.216,802.283,800.000,4,1.0000
CASE001,3631,460.675,444.216,802.283,800.000,10,1.0000
CASE001,3633,0.000,347.558,767.588,800.000,2,1.0000
CASE001,3633,0.000,347.558,767.588,800.000,15,1.0000
CASE001,3633,793.714,448.746,1280.000,800.000,15,1.0000
CASE001,3638,27.487,199.486,749.802,800.000,7,1.0000
CASE001,3638,27.487,199.486,749.802,800.000,15,1.0000
CASE001,3638,658.521,418.662,1280.000,800.000,6,1.0000
CASE001,3638,658.521,418.662,1280.000,800.000,10,1.0000
CASE001,3645,530.158,270.675,1280.000,768.105,15,1.0000
CASE001,3645,413.344,619.023,641.768,800.000,6,1.0000
CASE001,3645,413.344,619.023,641.768,800.000,10,1.0000
CASE001,3652,0.000,218.430,899.293,800.000,2,1.0000
CASE001,3652,0.000,218.430,899.293,800.000,5,1.0000
CASE001,3652,680.331,653.518,1089.848,800.000,10,1.0000
CASE001,3659,703.413,553.460,1280.000,800.000,1,1.0000
CASE001,3659,703.413,553.460,1280.000,800.000,4,1.0000
CASE001,3659,703.413,553.460,1280.000,800.000,10,1.0000
CASE001,3663,0.000,299.865,606.876,704.205,13,1.0000
CASE001,3663,333.880,413.368,716.646,800.000,13,1.0000
CASE001,3666,549.650,147.531,1280.000,671.953,10,1.0000
CASE001,3666,499.775,582.005,796.109,800.000,6,1.0000
CASE001,3666,499.775,582.005,796.109,800.000,13,1.0000
CASE001,3673,587.000,218.738,1280.000,800.000,15,1.0000
CASE001,3673,392.765,477.121,777.588,800.000,6,1.0000
CASE001,3673,392.765,477.121,777.588,800.000,9,1.0000
CASE001,3680,365.337,357.841,758.392,800.000,10,1.0000
CASE001,3680,365.337,357.841,758.392,800.000,15,1.0000
CASE001,3680,644.116,220.051,1280.000,800.000,7,1.0000
CASE001,3680,644.116,220.051,1280.000,800.000,15,1.0000
CASE001,3687,446.559,662.211,664.695,800.000,7,1.0000
CASE001,3687,446.559,662.211,664.695,800.000,11,1.0000
CASE001,3687,446.559,662.211,664.695,800.000,15,1.0000
CASE001,3687,0.000,335.219,506.238,800.000,13,1.0000
CASE001,3687,582.379,407.198,1280.000,800.000,15,1.0000
CASE001,3693,575.338,214.784,1280.000,632.265,6,1.0000
CASE001,3693,575.338,214.784,1280.000,632.265,9,1.0000
CASE001,3693,0.000,300.943,549.453,800.000,6,1.0000
CASE001,3693,0.000,300.943,549.453,800.000,9,1.0000
CASE001,3693,662.347,600.231,771.415,800.000,6,1.0000
CASE001,3693,662.347,600.231,771.415,800.000,9,1.0000
CASE001,3694,0.000,320.823,619.421,800.000,13,1.0000
CASE001,3694,779.938,315.931,1280.000,800.000,13,1.0000
CASE001,3701,621.870,370.195,965.535,800.000,15,1.0000
CASE001,3701,238.424,586.118,670.579,800.000,6,1.0000
CASE001,3701,238.424,586.118,670.579,800.000,10,1.0000
CASE001,3708,631.768,282.243,1280.000,800.000,1,1.0000
CASE001,3708,631.768,282.243,1280.000,800.000,10,1.0000
CASE001,3708,308.392,639.589,650.000,800.000,6,1.0000
CASE001,3708,308.392,639.589,650.000,800.000,10,1.0000
CASE001,3715,372.213,257.069,1226.233,800.000,15,1.0000
CASE001,3715,291.929,567.609,645.884,800.000,6,1.0000
CASE001,3715,291.929,567.609,645.884,800.000,10,1.0000
CASE001,3722,0.000,385.790,613.248,800.000,13,1.0000
CASE001,3722,540.903,505.712,701.418,800.000,6,1.0000
CASE001,3722,540.903,505.712,701.418,800.000,9,1.0000
CASE001,3722,739.040,349.523,1280.000,762.890,13,1.0000
CASE001,3723,0.000,541.937,346.116,672.326,6,1.0000
CASE001,3723,0.000,541.937,346.116,672.326,13,1.0000
CASE001,3729,354.414,407.198,712.484,800.000,6,1.0000
CASE001,3729,354.414,407.198,712.484,800.000,9,1.0000
CASE001,3729,759.357,347.249,1280.000,602.262,13,1.0000
CASE001,3729,0.000,396.105,607.074,800.000,13,1.0000
CASE001,3736,0.000,339.332,456.849,800.000,10,1.0000
CASE001,3736,578.417,255.176,1280.000,691.166,6,1.0000
CASE001,3736,578.417,255.176,1280.000,691.166,10,1.0000
CASE001,3736,514.180,641.362,615.016,800.000,6,1.0000
CASE001,3736,514.180,641.362,615.016,800.000,9,1.0000
CASE001,3743,0.000,324.173,672.926,800.000,6,1.0000
CASE001,3743,0.000,324.173,672.926,800.000,15,1.0000
CASE001,3743,666.752,373.271,1280.000,692.037,15,1.0000
CASE001,3743,493.601,487.404,687.042,800.000,6,1.0000
CASE001,3743,493.601,487.404,687.042,800.000,9,1.0000
CASE001,3750,0.000,221.834,335.434,511.808,6,1.0000
CASE001,3750,0.000,221.834,335.434,511.808,9,1.0000
CASE001,3750,678.768,184.337,1280.000,471.065,6,1.0000
CASE001,3750,678.768,184.337,1280.000,471.065,9,1.0000
CASE001,3750,518.311,466.838,689.115,800.000,6,1.0000
CASE001,3750,518.311,466.838,689.115,800.000,9,1.0000
CASE001,3753,50.407,446.526,770.665,800.000,13,1.0000
CASE001,3753,824.984,225.458,1280.000,558.620,15,1.0000
CASE001,3753,0.000,235.618,553.569,544.101,15,1.0000
CASE001,3757,0.000,264.819,506.238,694.639,15,1.0000
CASE001,3757,592.669,359.897,1280.000,800.000,2,1.0000
CASE001,3757,592.669,359.897,1280.000,800.000,5,1.0000
CASE001,3757,730.257,559.383,859.904,800.000,6,1.0000
CASE001,3757,730.257,559.383,859.904,800.000,9,1.0000
CASE001,3764,522.850,396.915,831.531,800.000,6,1.0000
CASE001,3764,522.850,396.915,831.531,800.000,9,1.0000
CASE001,3764,0.000,436.100,656.463,800.000,6,1.0000
CASE001,3764,0.000,436.100,656.463,800.000,15,1.0000
CASE001,3764,929.995,215.978,1280.000,497.726,6,1.0000
CASE001,3764,929.995,215.978,1280.000,497.726,9,1.0000
CASE001,3764,867.201,368.837,1280.000,654.699,7,1.0000
CASE001,3771,593.349,354.782,1280.000,753.754,2,1.0000
CASE001,3771,593.349,354.782,1280.000,753.754,5,1.0000
CASE001,3771,0.000,350.941,493.891,731.404,6,1.0000
CASE001,3771,0.000,350.941,493.891,731.404,13,1.0000
CASE001,3771,473.023,544.987,608.842,800.000,6,1.0000
CASE001,3771,473.023,544.987,608.842,800.000,10,1.0000
CASE001,3771,473.023,544.987,608.842,800.000,13,1.0000
CASE001,3778,592.669,460.668,1280.000,800.000,15,1.0000
CASE001,3778,0.000,409.521,512.412,800.000,6,1.0000
CASE001,3778,0.000,409.521,512.412,800.000,13,1.0000
CASE001,3783,0.000,372.628,775.820,800.000,2,1.0000
CASE001,3783,0.000,372.628,775.820,800.000,11,1.0000
CASE001,3783,0.000,372.628,775.820,800.000,15,1.0000
CASE001,3783,683.618,482.884,1280.000,800.000,1,1.0000
CASE001,3783,683.618,482.884,1280.000,800.000,10,1.0000
CASE001,3785,614.592,586.663,1120.830,800.000,13,1.0000
CASE001,3785,0.000,388.689,543.280,800.000,6,1.0000
CASE001,3785,0.000,388.689,543.280,800.000,10,1.0000
CASE001,3792,0.000,300.791,576.719,800.000,6,1.0000
CASE001,3792,0.000,300.791,576.719,800.000,9,1.0000
CASE001,3792,551.511,377.263,1280.000,800.000,6,1.0000
CASE001,3792,551.511,377.263,1280.000,800.000,15,1.0000
CASE001,3799,588.553,198.469,1280.000,704.381,5,1.0000
CASE001,3799,588.553,198.469,1280.000,704.381,10,1.0000
CASE001,3799,0.000,331.926,656.463,800.000,6,1.0000
CASE001,3799,0.000,331.926,656.463,800.000,9,1.0000
CASE001,3806,0.000,261.963,570.032,677.387,6,1.0000
CASE001,3806,0.000,261.963,570.032,677.387,9,1.0000
CASE001,3806,885.047,259.780,1280.000,603.225,13,1.0000
CASE001,3806,308.392,600.514,637.653,800.000,13,1.0000
CASE001,3813,734.662,460.668,1280.000,800.000,15,1.0000
CASE001,3813,199.325,592.288,487.428,800.000,7,1.0000
CASE001,3813,199.325,592.288,487.428,800.000,15,1.0000
CASE001,3820,0.000,187.496,625.595,646.108,13,1.0000
CASE001,3820,94.752,464.781,773.852,800.000,13,1.0000
CASE001,3820,835.271,291.050,1280.000,574.827,13,1.0000
CASE001,3827,715.077,382.994,1280.000,693.534,13,1.0000
CASE001,3827,0.000,458.612,718.199,800.000,1,1.0000
CASE001,3827,0.000,458.612,718.199,800.000,2,1.0000
CASE001,3827,0.000,458.612,718.199,800.000,6,1.0000
CASE001,3834,567.066,668.380,945.715,800.000,6,1.0000
CASE001,3834,567.066,668.380,945.715,800.000,10,1.0000
CASE001,3834,707.910,443.998,1280.000,766.877,1,1.0000
CASE001,3834,707.910,443.998,1280.000,766.877,4,1.0000
CASE001,3834,707.910,443.998,1280.000,766.877,15,1.0000
CASE001,3841,129.119,398.972,734.135,800.000,13,1.0000
CASE001,3841,600.900,433.933,1280.000,800.000,1,1.0000
CASE001,3841,600.900,433.933,1280.000,800.000,4,1.0000
CASE001,3841,600.900,433.933,1280.000,800.000,10,1.0000
CASE001,3848,841.576,517.529,1280.000,754.033,1,1.0000
CASE001,3848,841.576,517.529,1280.000,754.033,4,1.0000
CASE001,3848,841.576,517.529,1280.000,754.033,10,1.0000
CASE001,3855,532.990,540.874,1280.000,800.000,1,1.0000
CASE001,3855,532.990,540.874,1280.000,800.000,4,1.0000
CASE001,3855,532.990,540.874,1280.000,800.000,15,1.0000
CASE001,3862,0.000,384.576,635.884,800.000,7,1.0000
CASE001,3862,0.000,384.576,635.884,800.000,13,1.0000
CASE001,3862,611.807,383.753,973.994,800.000,10,1.0000
CASE001,3862,611.807,383.753,973.994,800.000,15,1.0000
CASE001,3862,860.193,428.929,1280.000,764.147,13,1.0000
CASE001,3869,513.285,473.008,1212.964,800.000,1,1.0000
CASE001,3869,513.285,473.008,1212.964,800.000,4,1.0000
CASE001,3869,513.285,473.008,1212.964,800.000,10,1.0000
CASE001,3869,396.881,693.059,571.801,800.000,6,1.0000
CASE001,3869,396.881,693.059,571.801,800.000,10,1.0000
CASE001,3873,0.000,118.163,709.968,665.206,6,1.0000
CASE001,3873,0.000,118.163,709.968,665.206,9,1.0000
CASE001,3873,732.707,305.244,1280.000,745.347,1,1.0000
CASE001,3873,732.707,305.244,1280.000,745.347,4,1.0000
CASE001,3873,732.707,305.244,1280.000,745.347,15,1.0000
CASE001,3873,737.315,443.684,1029.534,800.000,6,1.0000
CASE001,3873,737.315,443.684,1029.534,800.000,10,1.0000
CASE001,3873,737.315,443.684,1029.534,800.000,14,1.0000
CASE001,3876,294.973,521.419,679.796,800.000,1,1.0000
CASE001,3876,294.973,521.419,679.796,800.000,6,1.0000
CASE001,3883,0.000,481.234,619.421,800.000,6,1.0000
CASE001,3883,0.000,481.234,619.421,800.000,9,1.0000
CASE001,3883,625.242,258.283,1280.000,618.180,1,1.0000
CASE001,3883,625.242,258.283,1280.000,618.180,15,1.0000
CASE001,3883,794.678,609.176,959.308,800.000,6,1.0000
CASE001,3883,794.678,609.176,959.308,800.000,14,1.0000
CASE001,3883,794.678,609.176,959.308,800.000,15,1.0000
CASE001,3890,231.356,438.046,815.794,800.000,7,1.0000
CASE001,3890,231.356,438.046,815.794,800.000,15,1.0000
CASE001,3890,848.171,349.652,1280.000,579.986,13,1.0000
CASE001,3903,0.000,440.103,545.338,800.000,6,1.0000
CASE001,3903,0.000,440.103,545.338,800.000,9,1.0000
CASE001,3903,0.000,80.878,654.405,381.135,6,1.0000
CASE001,3903,0.000,80.878,654.405,381.135,9,1.0000
CASE001,3903,463.094,635.476,841.744,800.000,6,1.0000
CASE001,3903,463.094,635.476,841.744,800.000,10,1.0000
CASE001,3911,666.371,309.426,1280.000,800.000,13,1.0000
CASE001,3911,0.000,244.447,386.881,439.820,13,1.0000
CASE001,3918,244.015,377.393,844.915,800.000,6,1.0000
CASE001,3918,244.015,377.393,844.915,800.000,10,1.0000
CASE001,3918,844.424,233.775,1280.000,497.014,15,1.0000
CASE001,3918,739.826,451.117,995.003,800.000,6,1.0000
CASE001,3918,739.826,451.117,995.003,800.000,10,1.0000
CASE001,3925,0.000,355.784,788.167,800.000,6,1.0000
CASE001,3925,0.000,355.784,788.167,800.000,10,1.0000
CASE001,3925,684.210,274.068,1280.000,603.117,1,1.0000
CASE001,3925,684.210,274.068,1280.000,603.117,4,1.0000
CASE001,3925,684.210,274.068,1280.000,603.117,10,1.0000
CASE001,3932,265.022,507.969,833.995,800.000,6,1.0000
CASE001,3932,265.022,507.969,833.995,800.000,10,1.0000
CASE001,3932,777.616,368.050,1280.000,664.194,15,1.0000
CASE001,3932,762.584,451.404,1048.629,800.000,15,1.0000
CASE001,3933,0.000,65.586,592.669,332.938,6,1.0000
CASE001,3933,0.000,65.586,592.669,332.938,9,1.0000
CASE001,3933,0.000,398.972,450.675,800.000,6,1.0000
CASE001,3933,0.000,398.972,450.675,800.000,10,1.0000
CASE001,3933,430.096,433.933,1280.000,800.000,15,1.0000
CASE001,3939,700.821,478.424,1280.000,800.000,1,1.0000
CASE001,3939,700.821,478.424,1280.000,800.000,4,1.0000
CASE001,3939,700.821,478.424,1280.000,800.000,15,1.0000
CASE001,3939,244.598,645.758,575.916,800.000,6,1.0000
CASE001,3939,244.598,645.758,575.916,800.000,10,1.0000
CASE001,3939,909.293,493.290,1104.791,800.000,14,1.0000
CASE001,3946,264.860,588.175,799.908,800.000,6,1.0000
CASE001,3946,264.860,588.175,799.908,800.000,9,1.0000
CASE001,3946,1002.468,425.801,1280.000,716.006,15,1.0000
CASE001,3946,942.219,699.229,1047.170,800.000,14,1.0000
CASE001,3946,942.219,699.229,1047.170,800.000,15,1.0000
CASE001,3953,323.928,586.118,719.040,800.000,6,1.0000
CASE001,3953,323.928,586.118,719.040,800.000,9,1.0000
CASE001,3953,716.132,329.758,1280.000,800.000,10,1.0000
CASE001,3960,0.000,336.380,450.675,702.446,2,1.0000
CASE001,3960,612.378,324.527,1280.000,800.000,15,1.0000
CASE001,3960,497.717,470.668,701.447,800.000,10,1.0000
CASE001,3960,497.717,470.668,701.447,800.000,14,1.0000
CASE001,3963,239.969,538.817,832.638,800.000,13,1.0000
CASE001,3963,517.890,167.579,1280.000,506.911,10,1.0000
CASE001,3963,530.802,427.957,839.484,800.000,6,1.0000
CASE001,3963,530.802,427.957,839.484,800.000,10,1.0000
CASE001,3963,0.000,0.000,364.244,84.319,6,1.0000
CASE001,3963,0.000,0.000,364.244,84.319,9,1.0000
CASE001,3967,0.000,320.823,596.785,800.000,6,1.0000
CASE001,3967,0.000,320.823,596.785,800.000,9,1.0000
CASE001,3967,611.401,376.327,1280.000,800.000,13,1.0000
CASE001,3967,277.524,429.537,650.000,645.476,6,1.0000
CASE001,3967,277.524,429.537,650.000,645.476,9,1.0000
CASE001,3974,0.000,368.123,652.347,800.000,6,1.0000
CASE001,3974,0.000,368.123,652.347,800.000,9,1.0000
CASE001,3974,0.000,94.658,646.174,411.368,6,1.0000
CASE001,3974,0.000,94.658,646.174,411.368,9,1.0000
CASE001,3974,695.563,456.399,1280.000,800.000,10,1.0000
CASE001,3974,625.301,535.196,837.262,800.000,6,1.0000
CASE001,3974,625.301,535.196,837.262,800.000,10,1.0000
CASE001,3974,625.301,535.196,837.262,800.000,14,1.0000
CASE001,3981,23.830,514.139,521.836,800.000,6,1.0000
CASE001,3981,23.830,514.139,521.836,800.000,10,1.0000
CASE001,3981,0.000,94.329,623.537,411.039,6,1.0000
CASE001,3981,0.000,94.329,623.537,411.039,9,1.0000
CASE001,3981,595.230,509.697,1280.000,800.000,4,1.0000
CASE001,3981,595.230,509.697,1280.000,800.000,15,1.0000
CASE001,3981,533.514,598.404,702.354,800.000,13,1.0000
CASE001,3981,533.514,598.404,702.354,800.000,14,1.0000
CASE001,3988,0.000,50.227,664.695,362.824,6,1.0000
CASE001,3988,0.000,50.227,664.695,362.824,9,1.0000
CASE001,3988,0.000,398.324,600.900,800.000,6,1.0000
CASE001,3988,0.000,398.324,600.900,800.000,9,1.0000
CASE001,3988,512.971,338.350,1280.000,800.000,6,1.0000
CASE001,3988,512.971,338.350,1280.000,800.000,15,1.0000
CASE001,3988,734.373,386.350,1280.000,800.000,11,1.0000
CASE001,3988,734.373,386.350,1280.000,800.000,15,1.0000
CASE001,3993,0.000,239.465,786.109,800.000,6,1.0000
CASE001,3993,0.000,239.465,786.109,800.000,9,1.0000
CASE001,3993,0.000,0.000,724.373,269.409,6,1.0000
CASE001,3993,0.000,0.000,724.373,269.409,9,1.0000
CASE001,3993,962.045,375.020,1280.000,584.789,11,1.0000
CASE001,3993,962.045,375.020,1280.000,584.789,15,1.0000
CASE001,3993,799.408,372.222,1250.083,800.000,15,1.0000
CASE001,3995,0.000,90.897,660.579,397.324,6,1.0000
CASE001,3995,0.000,90.897,660.579,397.324,9,1.0000
CASE001,3995,0.000,437.772,602.958,800.000,15,1.0000
CASE001,3995,722.123,372.969,1280.000,800.000,11,1.0000
CASE001,3995,722.123,372.969,1280.000,800.000,15,1.0000
CASE001,3995,567.876,506.891,775.633,800.000,6,1.0000
CASE001,3995,567.876,506.891,775.633,800.000,10,1.0000
CASE001,4002,0.000,440.103,390.997,800.000,2,1.0000
CASE001,4002,0.000,440.103,390.997,800.000,5,1.0000
CASE001,4002,0.000,84.953,627.653,352.305,6,1.0000
CASE001,4002,0.000,84.953,627.653,352.305,9,1.0000
CASE001,4002,292.859,521.344,745.593,800.000,4,1.0000
CASE001,4002,292.859,521.344,745.593,800.000,10,1.0000
CASE001,4009,0.000,78.302,642.058,388.841,6,1.0000
CASE001,4009,0.000,78.302,642.058,388.841,9,1.0000
CASE001,4009,0.000,528.535,502.122,800.000,2,1.0000
CASE001,4009,0.000,528.535,502.122,800.000,15,1.0000
CASE001,4009,565.627,639.306,717.910,800.000,14,1.0000
CASE001,4009,368.071,701.285,468.071,800.000,6,1.0000
CASE001,4009,368.071,701.285,468.071,800.000,10,1.0000
CASE001,4016,0.000,380.060,586.495,800.000,1,1.0000
CASE001,4016,0.000,380.060,586.495,800.000,6,1.0000
CASE001,4016,0.000,380.060,586.495,800.000,10,1.0000
CASE001,4016,0.000,509.743,555.627,694.833,6,1.0000
CASE001,4016,0.000,509.743,555.627,694.833,9,1.0000
CASE001,4023,0.000,339.906,586.495,757.386,6,1.0000
CASE001,4023,0.000,339.906,586.495,757.386,10,1.0000
CASE001,4023,0.000,94.602,631.768,458.612,3,1.0000
CASE001,4023,0.000,94.602,631.768,458.612,6,1.0000
CASE001,4023,728.923,236.455,1280.000,800.000,13,1.0000
CASE001,4023,829.035,429.537,1082.154,698.946,15,1.0000
CASE001,4030,0.000,219.934,592.669,594.228,6,1.0000
CASE001,4030,0.000,219.934,592.669,594.228,9,1.0000
CASE001,4030,0.000,639.589,423.923,800.000,7,1.0000
CASE001,4030,0.000,639.589,423.923,800.000,11,1.0000
CASE001,4030,0.000,639.589,423.923,800.000,15,1.0000
CASE001,4030,471.025,485.388,1170.704,800.000,13,1.0000
CASE001,4037,0.000,203.076,598.842,565.030,6,1.0000
CASE001,4037,0.000,203.076,598.842,565.030,9,1.0000
CASE001,4037,137.152,473.008,828.599,800.000,15,1.0000
CASE001,4037,726.765,389.020,1280.000,800.000,13,1.0000
CASE001,4044,237.912,557.326,830.581,800.000,13,1.0000
CASE001,4044,362.186,266.059,1280.000,800.000,11,1.0000
CASE001,4044,362.186,266.059,1280.000,800.000,15,1.0000
CASE001,4044,0.000,0.000,596.785,191.260,6,1.0000
CASE001,4044,0.000,0.000,596.785,191.260,9,1.0000
CASE001,4044,368.071,489.177,473.023,635.193,6,1.0000
CASE001,4044,368.071,489.177,473.023,635.193,10,1.0000
CASE001,4051,0.000,0.000,812.862,185.090,6,1.0000
CASE001,4051,0.000,0.000,812.862,185.090,9,1.0000
CASE001,4051,252.857,563.496,798.195,800.000,13,1.0000
CASE001,4051,472.083,294.567,1280.000,800.000,15,1.0000
CASE001,4053,0.000,324.936,553.569,800.000,13,1.0000
CASE001,4053,701.437,160.169,1280.000,552.972,15,1.0000
CASE001,4053,517.353,330.797,826.035,800.000,15,1.0000
CASE001,4053,0.000,42.905,273.698,205.373,6,1.0000
CASE001,4053,0.000,42.905,273.698,205.373,9,1.0000
CASE001,4058,160.058,407.198,645.717,800.000,6,1.0000
CASE001,4058,160.058,407.198,645.717,800.000,9,1.0000
CASE001,4058,0.000,0.000,798.457,207.712,6,1.0000
CASE001,4058,0.000,0.000,798.457,207.712,13,1.0000
CASE001,4058,693.840,162.871,1280.000,414.463,15,1.0000
CASE001,4058,656.958,516.085,903.904,800.000,10,1.0000
CASE001,4058,656.958,516.085,903.904,800.000,14,1.0000
CASE001,4065,0.000,131.110,903.408,800.000,6,1.0000
CASE001,4065,0.000,131.110,903.408,800.000,9,1.0000
CASE001,4065,1067.873,481.784,1280.000,689.496,10,1.0000
CASE001,4065,794.523,453.997,1200.904,800.000,10,1.0000
CASE001,4065,794.523,453.997,1200.904,800.000,14,1.0000
CASE001,4065,0.000,20.283,767.588,339.049,6,1.0000
CASE001,4065,0.000,20.283,767.588,339.049,9,1.0000
CASE001,4072,0.000,50.687,891.061,667.654,6,1.0000
CASE001,4072,0.000,50.687,891.061,667.654,9,1.0000
CASE001,4072,762.623,417.609,1280.000,754.884,10,1.0000
CASE001,4072,0.000,0.000,537.106,308.483,6,1.0000
CASE001,4072,0.000,0.000,537.106,308.483,13,1.0000
CASE001,4079,0.000,44.458,699.678,365.280,6,1.0000
CASE001,4079,0.000,44.458,699.678,365.280,9,1.0000
CASE001,4079,740.836,218.702,1280.000,582.713,15,1.0000
CASE001,4079,647.007,397.594,1014.045,800.000,15,1.0000
CASE001,4083,0.000,172.427,590.611,380.139,13,1.0000
CASE001,4083,725.869,466.062,1280.000,800.000,13,1.0000
CASE001,4083,0.000,341.105,452.733,563.213,13,1.0000
CASE001,4086,0.000,199.108,555.627,538.439,6,1.0000
CASE001,4086,0.000,199.108,555.627,538.439,9,1.0000
CASE001,4086,820.672,238.673,1280.000,503.969,15,1.0000
CASE001,4086,887.849,358.904,1280.000,800.000,6,1.0000
CASE001,4086,887.849,358.904,1280.000,800.000,10,1.0000
CASE001,4086,887.849,358.904,1280.000,800.000,13,1.0000
CASE001,4093,277.628,409.254,837.371,800.000,6,1.0000
CASE001,4093,277.628,409.254,837.371,800.000,9,1.0000
CASE001,4093,637.936,249.614,1280.000,574.549,1,1.0000
CASE001,4093,637.936,249.614,1280.000,574.549,4,1.0000
CASE001,4093,868.808,524.422,1189.837,800.000,15,1.0000
CASE001,4100,75.755,394.844,785.723,800.000,1,1.0000
CASE001,4100,75.755,394.844,785.723,800.000,10,1.0000
CASE001,4100,0.000,116.797,646.174,454.072,6,1.0000
CASE001,4100,0.000,116.797,646.174,454.072,9,1.0000
CASE001,4100,822.947,320.492,1280.000,742.086,15,1.0000
CASE001,4100,857.370,466.078,1176.341,800.000,10,1.0000
CASE001,4100,857.370,466.078,1176.341,800.000,14,1.0000
CASE001,4107,728.489,479.177,1280.000,800.000,15,1.0000
CASE001,4107,0.000,211.825,777.878,800.000,6,1.0000
CASE001,4107,0.000,211.825,777.878,800.000,9,1.0000
CASE001,4107,129.295,623.136,565.566,800.000,13,1.0000
CASE001,4107,1020.707,299.664,1280.000,721.258,13,1.0000
CASE001,4113,446.559,350.805,1280.000,733.325,6,1.0000
CASE001,4113,446.559,350.805,1280.000,733.325,10,1.0000
CASE001,4113,0.000,442.028,590.611,800.000,15,1.0000
CASE001,4113,0.000,0.000,349.839,34.961,6,1.0000
CASE001,4113,0.000,0.000,349.839,34.961,9,1.0000
CASE001,4114,322.989,401.028,779.838,800.000,6,1.0000
CASE001,4114,322.989,401.028,779.838,800.000,10,1.0000
CASE001,4114,664.491,316.992,1280.000,800.000,11,1.0000
CASE001,4114,664.491,316.992,1280.000,800.000,15,1.0000
CASE001,4114,725.186,534.704,982.420,800.000,13,1.0000
CASE001,4114,0.000,0.000,304.566,119.280,6,1.0000
CASE001,4114,0.000,0.000,304.566,119.280,9,1.0000
CASE001,4121,373.256,273.522,809.526,800.000,6,1.0000
CASE001,4121,373.256,273.522,809.526,800.000,10,1.0000
CASE001,4121,662.637,149.070,1280.000,478.119,10,1.0000
CASE001,4121,756.079,462.725,1029.777,800.000,10,1.0000
CASE001,4121,756.079,462.725,1029.777,800.000,14,1.0000
CASE001,4128,644.459,170.258,1280.000,509.589,2,1.0000
CASE001,4128,644.459,170.258,1280.000,509.589,6,1.0000
CASE001,4128,644.459,170.258,1280.000,509.589,12,1.0000
CASE001,4128,636.907,381.344,1280.000,761.806,13,1.0000
CASE001,4128,600.611,308.200,1090.386,800.000,14,1.0000
CASE001,4128,600.611,308.200,1090.386,800.000,15,1.0000
CASE001,4135,591.046,0.000,1280.000,212.361,6,1.0000
CASE001,4135,591.046,0.000,1280.000,212.361,9,1.0000
CASE001,4135,127.265,427.763,664.371,800.000,7,1.0000
CASE001,4135,127.265,427.763,664.371,800.000,15,1.0000
CASE001,4135,603.967,342.442,1280.000,800.000,13,1.0000
CASE001,4135,636.528,433.933,934.921,800.000,11,1.0000
CASE001,4135,636.528,433.933,934.921,800.000,15,1.0000
CASE001,4142,0.000,374.293,321.029,800.000,6,1.0000
CASE001,4142,0.000,374.293,321.029,800.000,15,1.0000
CASE001,4142,522.701,90.144,1280.000,456.211,15,1.0000
CASE001,4143,0.000,332.139,695.563,710.545,10,1.0000
CASE001,4143,699.678,470.951,1280.000,800.000,13,1.0000
CASE001,4143,578.264,68.732,1280.000,393.668,6,1.0000
CASE001,4143,578.264,68.732,1280.000,393.668,10,1.0000
CASE001,4149,0.000,167.334,656.463,623.889,6,1.0000
CASE001,4149,0.000,167.334,656.463,623.889,13,1.0000
CASE001,4149,584.437,0.000,1280.000,308.483,6,1.0000
CASE001,4149,584.437,0.000,1280.000,308.483,10,1.0000
CASE001,4149,555.627,158.355,1280.000,728.021,6,1.0000
CASE001,4149,555.627,158.355,1280.000,728.021,13,1.0000
CASE001,4156,0.000,0.000,479.486,226.221,6,1.0000
CASE001,4156,0.000,0.000,479.486,226.221,10,1.0000
CASE001,4156,652.873,185.985,1280.000,566.448,7,1.0000
CASE001,4156,652.873,185.985,1280.000,566.448,15,1.0000
CASE001,4163,0.000,207.349,292.219,365.704,6,1.0000
CASE001,4163,0.000,207.349,292.219,365.704,9,1.0000
CASE001,4163,0.000,437.976,600.900,800.000,13,1.0000
CASE001,4163,618.637,145.362,1280.000,542.277,7,1.0000
CASE001,4163,560.592,331.536,935.126,800.000,14,1.0000
CASE001,4163,560.592,331.536,935.126,800.000,15,1.0000
CASE001,4173,51.447,76.093,716.141,267.352,13,1.0000
CASE001,4177,0.000,80.489,621.479,397.199,6,1.0000
CASE001,4177,0.000,80.489,621.479,397.199,9,1.0000
CASE001,4177,0.000,303.969,452.733,725.562,13,1.0000
CASE001,4177,844.811,318.752,1280.000,534.690,13,1.0000
CASE001,4191,0.000,442.159,693.505,800.000,13,1.0000
CASE001,4191,0.000,302.733,631.768,605.047,2,1.0000
CASE001,4191,0.000,302.733,631.768,605.047,5,1.0000
CASE001,4191,738.465,167.211,1280.000,385.206,7,1.0000
CASE001,4191,738.465,167.211,1280.000,385.206,10,1.0000
CASE001,4191,775.704,395.975,1280.000,677.723,13,1.0000
CASE001,4198,495.949,289.263,1280.000,630.696,14,1.0000
CASE001,4198,495.949,289.263,1280.000,630.696,15,1.0000
CASE001,4198,0.000,316.661,545.338,695.067,15,1.0000
CASE001,4198,425.981,458.786,1280.000,736.421,10,1.0000
CASE001,4203,0.000,244.077,814.920,706.802,10,1.0000
CASE001,4203,647.135,635.898,819.996,800.000,15,1.0000
CASE001,4203,728.489,417.472,1280.000,800.000,11,1.0000
CASE001,4203,728.489,417.472,1280.000,800.000,15,1.0000
CASE001,4203,1012.412,285.392,1280.000,458.143,6,1.0000
CASE001,4203,1012.412,285.392,1280.000,458.143,9,1.0000
CASE001,4205,203.730,0.000,1280.000,483.290,10,1.0000
CASE001,4205,0.000,0.000,360.129,111.054,6,1.0000
CASE001,4205,0.000,0.000,360.129,111.054,10,1.0000
CASE001,4205,539.164,433.933,1280.000,800.000,10,1.0000
CASE001,4205,539.164,433.933,1280.000,800.000,14,1.0000
CASE001,4212,151.870,524.422,530.520,800.000,6,1.0000
CASE001,4212,151.870,524.422,530.520,800.000,9,1.0000
CASE001,4212,491.833,141.520,1280.000,554.888,15,1.0000
CASE001,4219,0.000,305.094,584.437,593.011,2,1.0000
CASE001,4219,0.000,305.094,584.437,593.011,15,1.0000
CASE001,4219,310.740,544.987,1280.000,800.000,6,1.0000
CASE001,4219,310.740,544.987,1280.000,800.000,10,1.0000
CASE001,4226,0.000,0.000,816.977,380.463,6,1.0000
CASE001,4226,0.000,0.000,816.977,380.463,9,1.0000
CASE001,4226,565.073,339.836,1280.000,687.393,6,1.0000
CASE001,4226,565.073,339.836,1280.000,687.393,15,1.0000
CASE001,4226,837.556,113.175,1280.000,357.905,10,1.0000
CASE001,4233,0.000,536.761,590.611,800.000,6,1.0000
CASE001,4233,0.000,536.761,590.611,800.000,10,1.0000
CASE001,4233,635.884,182.395,1280.000,472.370,13,1.0000
CASE001,4233,481.072,481.234,1280.000,800.000,4,1.0000
CASE001,4240,0.000,297.938,650.289,600.252,6,1.0000
CASE001,4240,0.000,297.938,650.289,600.252,9,1.0000
CASE001,4240,656.463,191.893,1280.000,461.302,15,1.0000
CASE001,4240,658.232,596.118,999.839,800.000,6,1.0000
CASE001,4240,658.232,596.118,999.839,800.000,10,1.0000
CASE001,4247,0.000,344.502,732.605,800.000,6,1.0000
CASE001,4247,0.000,344.502,732.605,800.000,7,1.0000
CASE001,4247,0.000,344.502,732.605,800.000,10,1.0000
CASE001,4247,703.794,278.674,1280.000,521.347,2,1.0000
CASE001,4247,703.794,278.674,1280.000,521.347,4,1.0000
CASE001,4247,734.373,483.008,1280.000,800.000,9,1.0000
CASE001,4247,734.373,483.008,1280.000,800.000,14,1.0000
CASE001,4247,977.203,250.617,1164.469,326.709,6,1.0000
CASE001,4247,977.203,250.617,1164.469,326.709,9,1.0000
CASE001,4254,0.000,268.870,646.174,636.993,11,1.0000
CASE001,4254,0.000,268.870,646.174,636.993,15,1.0000
CASE001,4254,601.541,175.738,1280.000,482.563,10,1.0000
CASE001,4254,590.322,598.175,861.961,800.000,14,1.0000
CASE001,4261,912.108,357.841,1210.501,800.000,13,1.0000
CASE001,4261,889.003,253.064,1280.000,464.890,6,1.0000
CASE001,4261,889.003,253.064,1280.000,464.890,9,1.0000
CASE001,4261,831.093,398.689,1280.000,629.023,10,1.0000
CASE001,4261,831.093,398.689,1280.000,629.023,14,1.0000
CASE001,4261,831.093,398.689,1280.000,629.023,15,1.0000
CASE001,4263,0.000,367.996,434.212,800.000,15,1.0000
CASE001,4263,899.378,399.363,1280.000,691.394,15,1.0000
CASE001,4268,926.136,374.293,1245.108,800.000,13,1.0000
CASE001,4268,672.926,106.945,1280.000,421.598,10,1.0000
CASE001,4268,670.594,435.681,1280.000,800.000,6,1.0000
CASE001,4268,670.594,435.681,1280.000,800.000,10,1.0000
CASE001,4282,0.000,0.000,1014.534,195.373,6,1.0000
CASE001,4282,0.000,0.000,1014.534,195.373,9,1.0000
CASE001,4282,586.476,266.456,1280.000,537.922,4,1.0000
CASE001,4289,0.000,45.324,788.478,373.692,6,1.0000
CASE001,4289,0.000,45.324,788.478,373.692,9,1.0000
CASE001,4289,821.093,368.861,1280.000,675.288,4,1.0000
CASE001,4289,818.746,334.936,1280.000,530.308,6,1.0000
CASE001,4289,818.746,334.936,1280.000,530.308,10,1.0000
CASE001,4293,950.740,318.843,1280.000,623.214,6,1.0000
CASE001,4293,950.740,318.843,1280.000,623.214,13,1.0000
CASE001,4293,0.000,229.701,642.058,509.393,6,1.0000
CASE001,4293,0.000,229.701,642.058,509.393,10,1.0000
CASE001,4296,0.000,262.350,596.785,463.892,6,1.0000
CASE001,4296,0.000,262.350,596.785,463.892,9,1.0000
CASE001,4296,120.851,535.152,828.761,800.000,13,1.0000
CASE001,4296,750.009,292.453,1280.000,619.446,13,1.0000
CASE001,4303,943.227,327.897,1280.000,525.327,15,1.0000
CASE001,4303,0.000,401.028,1028.939,800.000,6,1.0000
CASE001,4303,0.000,401.028,1028.939,800.000,10,1.0000
CASE001,4303,720.257,0.000,1280.000,240.617,10,1.0000
CASE001,4310,0.000,304.862,755.241,800.000,7,1.0000
CASE001,4310,697.593,195.308,1280.000,456.491,15,1.0000
CASE001,4317,0.000,251.622,528.875,516.917,6,1.0000
CASE001,4317,0.000,251.622,528.875,516.917,10,1.0000
CASE001,4317,607.074,244.654,1280.000,538.741,10,1.0000
CASE001,4323,0.000,437.258,779.936,800.000,6,1.0000
CASE001,4323,0.000,437.258,779.936,800.000,9,1.0000
CASE001,4323,781.994,325.973,1280.000,531.629,6,1.0000
CASE001,4323,781.994,325.973,1280.000,531.629,15,1.0000
CASE001,4324,0.000,512.082,699.678,800.000,6,1.0000
CASE001,4324,0.000,512.082,699.678,800.000,10,1.0000
CASE001,4324,586.341,418.792,1280.000,749.898,1,1.0000
CASE001,4324,586.341,418.792,1280.000,749.898,4,1.0000
CASE001,4324,602.669,682.776,707.621,800.000,6,1.0000
CASE001,4324,602.669,682.776,707.621,800.000,9,1.0000
CASE001,4331,0.000,387.317,522.701,640.274,13,1.0000
CASE001,4331,896.910,473.730,1280.000,800.000,13,1.0000
CASE001,4331,501.326,589.990,760.618,800.000,15,1.0000
CASE001,4338,705.852,423.650,1280.000,800.000,13,1.0000
CASE001,4338,0.000,441.000,695.563,710.408,7,1.0000
CASE001,4338,0.000,441.000,695.563,710.408,15,1.0000
CASE001,4338,674.964,676.804,1090.655,800.000,6,1.0000
CASE001,4338,674.964,676.804,1090.655,800.000,10,1.0000
CASE001,4345,0.000,516.356,693.505,800.000,11,1.0000
CASE001,4345,0.000,516.356,693.505,800.000,15,1.0000
CASE001,4345,736.317,650.472,1280.000,800.000,10,1.0000
CASE001,4352,0.000,439.949,557.685,717.584,6,1.0000
CASE001,4352,0.000,439.949,557.685,717.584,9,1.0000
CASE001,4352,585.452,408.920,1280.000,641.311,13,1.0000
CASE001,4353,740.836,77.508,1280.000,342.804,6,1.0000
CASE001,4353,740.836,77.508,1280.000,342.804,13,1.0000
CASE001,4353,808.185,559.476,1250.629,800.000,6,1.0000
CASE001,4353,808.185,559.476,1250.629,800.000,10,1.0000
CASE001,4353,0.000,177.563,668.810,496.329,7,1.0000
CASE001,4353,0.000,177.563,668.810,496.329,10,1.0000
CASE001,4353,0.000,177.563,668.810,496.329,15,1.0000
CASE001,4359,0.000,94.602,664.695,800.000,6,1.0000
CASE001,4359,0.000,94.602,664.695,800.000,13,1.0000
CASE001,4359,945.685,495.141,1280.000,800.000,13,1.0000
CASE001,4359,0.000,452.159,376.592,696.889,13,1.0000
CASE001,4366,0.000,462.851,514.469,697.298,13,1.0000
CASE001,4366,188.384,586.990,484.718,800.000,13,1.0000
CASE001,4373,0.000,328.423,450.675,601.945,13,1.0000
CASE001,4373,0.000,493.573,576.206,800.000,13,1.0000
CASE001,4373,762.231,376.948,1280.000,654.583,13,1.0000
CASE001,4373,577.669,553.539,925.451,800.000,13,1.0000
CASE001,4380,0.000,300.257,526.817,800.000,2,1.0000
CASE001,4380,705.852,356.219,1280.000,656.476,7,1.0000
CASE001,4380,705.852,356.219,1280.000,656.476,15,1.0000
CASE001,4383,588.265,301.253,1280.000,579.703,6,1.0000
CASE001,4383,588.265,301.253,1280.000,579.703,10,1.0000
CASE001,4383,0.000,0.000,650.289,100.771,13,1.0000
CASE001,4383,0.000,502.311,550.917,800.000,15,1.0000
CASE001,4387,0.000,279.597,477.428,466.744,13,1.0000
CASE001,4387,0.000,627.593,444.502,800.000,6,1.0000
CASE001,4387,0.000,627.593,444.502,800.000,10,1.0000
CASE001,4394,738.485,198.042,1280.000,376.541,13,1.0000
CASE001,4394,0.000,286.948,473.406,467.060,13,1.0000
CASE001,4394,0.000,641.576,440.386,800.000,6,1.0000
CASE001,4394,0.000,641.576,440.386,800.000,10,1.0000
CASE001,4401,837.556,376.312,1280.000,559.346,13,1.0000
CASE001,4401,0.000,364.783,642.058,613.626,13,1.0000
CASE001,4408,623.537,366.067,1280.000,588.175,6,1.0000
CASE001,4408,623.537,366.067,1280.000,588.175,9,1.0000
CASE001,4408,0.000,296.767,594.727,582.628,13,1.0000
CASE001,4413,637.769,362.050,1280.000,588.271,6,1.0000
CASE001,4413,637.769,362.050,1280.000,588.271,15,1.0000
CASE001,4413,0.000,0.000,448.617,176.864,13,1.0000
CASE001,4413,0.000,442.659,559.743,800.000,15,1.0000
CASE001,4415,880.772,194.495,1280.000,502.978,6,1.0000
CASE001,4415,880.772,194.495,1280.000,502.978,13,1.0000
CASE001,4415,0.000,85.920,814.920,353.272,5,1.0000
CASE001,4415,0.000,85.920,814.920,353.272,9,1.0000
CASE001,4415,0.000,608.740,467.138,800.000,6,1.0000
CASE001,4415,0.000,608.740,467.138,800.000,10,1.0000
CASE001,4415,664.695,403.085,1280.000,800.000,10,1.0000
CASE001,4422,615.305,429.280,1280.000,661.671,5,1.0000
CASE001,4422,615.305,429.280,1280.000,661.671,9,1.0000
CASE001,4422,0.000,354.649,520.643,638.453,6,1.0000
CASE001,4422,0.000,354.649,520.643,638.453,13,1.0000
CASE001,4429,0.000,196.667,516.527,529.829,6,1.0000
CASE001,4429,0.000,196.667,516.527,529.829,13,1.0000
CASE001,4429,653.825,156.822,1280.000,422.117,6,1.0000
CASE001,4429,653.825,156.822,1280.000,422.117,10,1.0000
CASE001,4436,0.000,147.781,576.206,487.112,6,1.0000
CASE001,4436,0.000,147.781,576.206,487.112,13,1.0000
CASE001,4436,674.478,209.170,1280.000,437.447,9,1.0000
CASE001,4443,567.974,0.000,1280.000,308.483,15,1.0000
CASE001,4443,0.000,158.913,584.437,428.322,6,1.0000
CASE001,4443,0.000,158.913,584.437,428.322,9,1.0000
CASE001,4450,0.000,197.318,454.791,386.521,15,1.0000
CASE001,4450,0.000,545.603,693.505,749.202,6,1.0000
CASE001,4450,0.000,545.603,693.505,749.202,10,1.0000
CASE001,4450,823.151,176.038,1280.000,418.711,6,1.0000
CASE001,4450,823.151,176.038,1280.000,418.711,15,1.0000
CASE001,4450,753.192,598.458,1078.337,800.000,14,1.0000
CASE001,4450,753.192,598.458,1078.337,800.000,15,1.0000
CASE001,4457,0.000,450.353,500.064,658.065,2,1.0000
CASE001,4457,0.000,450.353,500.064,658.065,5,1.0000
CASE001,4457,550.898,259.420,1280.000,518.546,6,1.0000
CASE001,4457,550.898,259.420,1280.000,518.546,13,1.0000
CASE001,4457,631.479,711.568,744.662,800.000,13,1.0000
CASE001,4464,864.861,128.450,1280.000,461.612,6,1.0000
CASE001,4464,864.861,128.450,1280.000,461.612,15,1.0000
CASE001,4464,500.926,611.924,747.872,800.000,6,1.0000
CASE001,4464,500.926,611.924,747.872,800.000,10,1.0000
CASE001,4464,0.000,355.873,660.579,668.469,6,1.0000
CASE001,4464,0.000,355.873,660.579,668.469,15,1.0000
CASE001,4471,0.000,23.408,685.876,241.599,6,1.0000
CASE001,4471,0.000,23.408,685.876,241.599,9,1.0000
CASE001,4471,864.309,182.008,1280.000,461.700,6,1.0000
CASE001,4471,864.309,182.008,1280.000,461.700,15,1.0000
CASE001,4471,790.225,534.704,1280.000,800.000,10,1.0000
CASE001,4471,790.225,534.704,1280.000,800.000,14,1.0000
CASE001,4473,0.000,295.409,508.296,605.949,13,1.0000
CASE001,4473,687.331,212.755,1280.000,436.920,13,1.0000
CASE001,4478,685.128,0.000,1280.000,96.658,6,1.0000
CASE001,4478,685.128,0.000,1280.000,96.658,9,1.0000
CASE001,4478,0.000,399.109,658.521,748.723,15,1.0000
CASE001,4478,643.826,579.666,1012.186,800.000,6,1.0000
CASE001,4478,643.826,579.666,1012.186,800.000,10,1.0000
CASE001,4478,643.826,579.666,1012.186,800.000,14,1.0000
CASE001,4485,804.630,217.694,1280.000,413.067,6,1.0000
CASE001,4485,804.630,217.694,1280.000,413.067,13,1.0000
CASE001,4485,660.782,561.440,1094.994,800.000,6,1.0000
CASE001,4485,660.782,561.440,1094.994,800.000,10,1.0000
CASE001,4485,0.000,154.073,652.347,394.690,13,1.0000
CASE001,4485,0.000,440.103,781.994,800.000,13,1.0000
CASE001,4492,646.174,431.742,1280.000,754.621,6,1.0000
CASE001,4492,646.174,431.742,1280.000,754.621,10,1.0000
CASE001,4492,0.000,493.541,520.643,800.000,15,1.0000
CASE001,4492,0.000,164.358,648.232,400.862,6,1.0000
CASE001,4492,0.000,164.358,648.232,400.862,9,1.0000
CASE001,4492,604.727,658.098,896.945,800.000,10,1.0000
CASE001,4492,604.727,658.098,896.945,800.000,14,1.0000
CASE001,4499,771.603,287.501,1280.000,612.437,6,1.0000
CASE001,4499,771.603,287.501,1280.000,612.437,13,1.0000
CASE001,4499,0.000,0.000,652.347,104.884,6,1.0000
CASE001,4499,0.000,0.000,652.347,104.884,9,1.0000
CASE001,4499,0.000,533.838,660.579,800.000,10,1.0000
CASE001,4499,622.356,512.082,1200.620,800.000,15,1.0000
CASE001,4503,669.685,150.111,1280.000,370.163,6,1.0000
CASE001,4503,669.685,150.111,1280.000,370.163,13,1.0000
CASE001,4503,0.000,586.963,682.904,800.000,6,1.0000
CASE001,4503,0.000,586.963,682.904,800.000,9,1.0000
CASE001,4506,0.000,400.503,559.743,800.000,15,1.0000
CASE001,4506,960.572,0.000,1280.000,129.563,6,1.0000
CASE001,4506,960.572,0.000,1280.000,129.563,15,1.0000
CASE001,4506,120.941,0.000,538.690,86.375,13,1.0000
CASE001,4513,518.585,196.282,1280.000,506.822,7,1.0000
CASE001,4513,518.585,196.282,1280.000,506.822,15,1.0000
CASE001,4513,146.109,0.000,543.280,94.602,13,1.0000
CASE001,4513,0.000,156.298,557.685,516.195,6,1.0000
CASE001,4513,0.000,156.298,557.685,516.195,9,1.0000
CASE001,4520,0.000,363.338,563.859,745.857,7,1.0000
CASE001,4520,0.000,0.000,446.559,170.694,13,1.0000
CASE001,4520,660.304,357.469,1280.000,583.690,15,1.0000
CASE001,4527,0.000,0.000,483.601,168.638,13,1.0000
CASE001,4527,0.000,343.109,572.090,698.893,13,1.0000
CASE001,4527,769.332,342.991,1280.000,569.212,7,1.0000
CASE001,4527,769.332,342.991,1280.000,569.212,13,1.0000
CASE001,4527,238.424,569.383,417.460,800.000,15,1.0000
CASE001,4533,683.215,525.417,1280.000,800.000,2,1.0000
CASE001,4533,683.215,525.417,1280.000,800.000,5,1.0000
CASE001,4533,208.137,633.419,541.513,800.000,6,1.0000
CASE001,4533,208.137,633.419,541.513,800.000,10,1.0000
CASE001,4534,897.235,126.626,1280.000,443.336,6,1.0000
CASE001,4534,897.235,126.626,1280.000,443.336,13,1.0000
CASE001,4534,0.000,0.000,432.154,100.771,13,1.0000
CASE001,4534,585.940,573.779,941.953,800.000,15,1.0000
CASE001,4541,0.000,520.308,349.839,800.000,13,1.0000
CASE001,4541,693.505,376.919,1280.000,592.857,6,1.0000
CASE001,4541,693.505,376.919,1280.000,592.857,13,1.0000
CASE001,4541,0.000,0.000,450.675,199.486,13,1.0000
CASE001,4548,514.469,102.363,1280.000,466.374,6,1.0000
CASE001,4548,514.469,102.363,1280.000,466.374,15,1.0000
CASE001,4548,0.000,515.153,421.865,800.000,13,1.0000
CASE001,4555,576.206,297.381,1280.000,570.903,7,1.0000
CASE001,4555,576.206,297.381,1280.000,570.903,11,1.0000
CASE001,4555,576.206,297.381,1280.000,570.903,15,1.0000
CASE001,4555,0.000,590.231,401.286,800.000,6,1.0000
CASE001,4555,0.000,590.231,401.286,800.000,9,1.0000
CASE001,4555,495.659,725.964,604.727,800.000,9,1.0000
CASE001,4555,495.659,725.964,604.727,800.000,14,1.0000
CASE001,4562,515.407,82.028,1280.000,358.084,6,1.0000
CASE001,4562,515.407,82.028,1280.000,358.084,13,1.0000
CASE001,4562,0.000,459.606,574.148,800.000,15,1.0000
CASE001,4563,0.000,387.127,598.842,759.364,13,1.0000
CASE001,4563,825.209,520.308,1280.000,800.000,6,1.0000
CASE001,4563,825.209,520.308,1280.000,800.000,10,1.0000
CASE001,4569,154.725,557.326,811.188,800.000,13,1.0000
CASE001,4569,698.707,358.004,1280.000,619.187,6,1.0000
CASE001,4569,698.707,358.004,1280.000,619.187,15,1.0000
CASE001,4576,567.974,27.537,1280.000,331.907,6,1.0000
CASE001,4576,567.974,27.537,1280.000,331.907,9,1.0000
CASE001,4576,410.080,577.892,992.460,800.000,7,1.0000
CASE001,4576,410.080,577.892,992.460,800.000,10,1.0000
CASE001,4576,410.080,577.892,992.460,800.000,11,1.0000
CASE001,4583,596.785,194.908,1280.000,449.921,6,1.0000
CASE001,4583,596.785,194.908,1280.000,449.921,10,1.0000
CASE001,4583,0.000,412.327,518.585,800.000,6,1.0000
CASE001,4583,0.000,412.327,518.585,800.000,13,1.0000
CASE001,4590,592.669,0.000,1280.000,361.954,6,1.0000
CASE001,4590,592.669,0.000,1280.000,361.954,13,1.0000
CASE001,4590,0.000,403.085,565.916,800.000,6,1.0000
CASE001,4590,0.000,403.085,565.916,800.000,15,1.0000
CASE001,4593,932.219,602.424,1280.000,775.175,2,1.0000
CASE001,4593,932.219,602.424,1280.000,775.175,5,1.0000
CASE001,4597,697.621,255.323,1280.000,485.657,13,1.0000
CASE001,4597,0.000,290.278,528.875,580.253,13,1.0000
CASE001,4597,485.659,333.162,1280.000,800.000,15,1.0000
CASE001,4604,751.125,295.349,1280.000,507.175,6,1.0000
CASE001,4604,751.125,295.349,1280.000,507.175,15,1.0000
CASE001,4604,0.000,521.004,672.926,800.000,15,1.0000
CASE001,4611,715.568,35.838,1280.000,498.563,6,1.0000
CASE001,4611,715.568,35.838,1280.000,498.563,13,1.0000
CASE001,4611,0.000,452.442,695.563,800.000,7,1.0000
CASE001,4611,0.000,452.442,695.563,800.000,15,1.0000
CASE001,4618,1062.628,584.810,1280.000,728.769,15,1.0000
CASE001,4618,0.000,308.361,158.457,431.754,6,1.0000
CASE001,4618,0.000,308.361,158.457,431.754,13,1.0000
CASE001,4623,0.000,281.869,96.720,388.809,6,1.0000
CASE001,4623,0.000,281.869,96.720,388.809,9,1.0000
CASE001,4623,718.199,69.640,1280.000,306.144,2,1.0000
CASE001,4623,718.199,69.640,1280.000,306.144,10,1.0000
CASE001,4625,664.695,281.474,1280.000,515.921,6,1.0000
CASE001,4625,664.695,281.474,1280.000,515.921,10,1.0000
CASE001,4625,0.000,474.095,596.785,800.000,10,1.0000
CASE001,4632,730.547,402.671,1280.000,633.005,10,1.0000
CASE001,4632,0.000,302.031,642.058,800.000,6,1.0000
CASE001,4632,0.000,302.031,642.058,800.000,15,1.0000
CASE001,4639,0.000,303.037,526.817,732.858,6,1.0000
CASE001,4639,0.000,303.037,526.817,732.858,10,1.0000
CASE001,4639,683.215,215.354,1280.000,604.043,6,1.0000
CASE001,4639,683.215,215.354,1280.000,604.043,10,1.0000
CASE001,4646,0.000,370.998,609.132,800.000,7,1.0000
CASE001,4646,0.000,370.998,609.132,800.000,15,1.0000
CASE001,4646,751.701,148.284,1280.000,502.012,6,1.0000
CASE001,4646,751.701,148.284,1280.000,502.012,15,1.0000
CASE001,4660,680.005,602.584,1280.000,800.000,2,1.0000
CASE001,4660,680.005,602.584,1280.000,800.000,5,1.0000
CASE001,4660,194.952,678.663,542.733,800.000,13,1.0000
CASE001,4667,0.000,364.183,630.373,659.097,6,1.0000
CASE001,4667,0.000,364.183,630.373,659.097,10,1.0000
CASE001,4667,771.704,226.077,1280.000,446.128,6,1.0000
CASE001,4667,771.704,226.077,1280.000,446.128,15,1.0000
CASE001,4674,0.000,401.028,582.379,800.000,7,1.0000
CASE001,4674,0.000,401.028,582.379,800.000,15,1.0000
CASE001,4681,1045.402,662.211,1280.000,800.000,6,1.0000
CASE001,4681,1045.402,662.211,1280.000,800.000,9,1.0000
CASE001,4681,0.000,396.612,276.675,587.237,6,1.0000
CASE001,4681,0.000,396.612,276.675,587.237,15,1.0000
CASE001,4683,736.431,0.000,966.913,230.334,6,1.0000
CASE001,4683,736.431,0.000,966.913,230.334,15,1.0000
CASE001,4688,0.000,342.762,705.852,800.000,13,1.0000
CASE001,4688,598.842,501.799,1280.000,800.000,6,1.0000
CASE001,4688,598.842,501.799,1280.000,800.000,10,1.0000
CASE001,4695,794.341,425.275,1280.000,800.000,6,1.0000
CASE001,4695,794.341,425.275,1280.000,800.000,10,1.0000
CASE001,4695,189.035,608.740,643.826,800.000,6,1.0000
CASE001,4695,189.035,608.740,643.826,800.000,10,1.0000
CASE001,4702,703.110,439.484,1280.000,800.000,6,1.0000
CASE001,4702,703.110,439.484,1280.000,800.000,10,1.0000
CASE001,4702,0.000,403.366,555.627,800.000,6,1.0000
CASE001,4702,0.000,403.366,555.627,800.000,10,1.0000
CASE001,4709,775.807,131.387,1280.000,396.683,15,1.0000
CASE001,4709,0.000,297.684,306.624,589.714,6,1.0000
CASE001,4709,0.000,297.684,306.624,589.714,9,1.0000
CASE001,4716,902.762,336.207,1280.000,529.523,13,1.0000
CASE001,4716,0.000,113.017,331.318,540.781,6,1.0000
CASE001,4716,0.000,113.017,331.318,540.781,9,1.0000
CASE001,4723,489.775,301.560,1280.000,684.079,7,1.0000
CASE001,4723,489.775,301.560,1280.000,684.079,15,1.0000
CASE001,4723,0.000,365.497,504.180,800.000,7,1.0000
CASE001,4723,0.000,365.497,504.180,800.000,15,1.0000
CASE001,4730,757.299,470.951,1280.000,800.000,13,1.0000
CASE001,4730,0.000,211.825,428.039,800.000,6,1.0000
CASE001,4730,0.000,211.825,428.039,800.000,15,1.0000
CASE001,4737,0.000,421.594,600.900,800.000,6,1.0000
CASE001,4737,0.000,421.594,600.900,800.000,9,1.0000
CASE001,4737,542.401,390.275,1280.000,680.107,6,1.0000
CASE001,4737,542.401,390.275,1280.000,680.107,9,1.0000
CASE001,4744,0.000,220.770,495.949,426.426,6,1.0000
CASE001,4744,0.000,220.770,495.949,426.426,9,1.0000
CASE001,4744,895.177,91.795,1280.000,305.677,6,1.0000
CASE001,4744,895.177,91.795,1280.000,305.677,9,1.0000
CASE001,4751,0.000,206.940,718.199,741.644,6,1.0000
CASE001,4751,0.000,206.940,718.199,741.644,13,1.0000
CASE001,4751,619.421,199.770,1280.000,514.423,6,1.0000
CASE001,4751,619.421,199.770,1280.000,514.423,13,1.0000
CASE001,4758,755.241,352.699,1280.000,550.128,13,1.0000
CASE001,4758,368.360,0.000,1280.000,127.506,13,1.0000
CASE001,4758,0.000,196.092,611.190,484.010,13,1.0000
CASE001,4758,0.000,392.836,619.421,717.772,13,1.0000
CASE001,4786,0.000,493.035,256.924,800.000,15,1.0000
CASE001,4807,732.315,0.000,966.913,234.447,15,1.0000
CASE001,4814,623.691,0.000,887.099,380.463,6,1.0000
CASE001,4814,623.691,0.000,887.099,380.463,9,1.0000
