CASE021,0000,0.000,146.501,228.424,286.347,15,1.0000
CASE021,0000,0.000,365.868,432.154,729.878,13,1.0000
CASE021,0000,502.122,198.666,1280.000,566.789,15,1.0000
CASE021,2820,0.000,347.558,522.701,800.000,6,1.0000
CASE021,2820,0.000,347.558,522.701,800.000,10,1.0000
CASE021,2820,596.785,126.938,1280.000,334.650,15,1.0000
CASE021,2820,689.150,513.320,1004.005,800.000,13,1.0000
CASE021,2820,0.000,246.504,353.955,458.329,13,1.0000
CASE021,2855,0.000,163.356,498.006,449.217,13,1.0000
CASE021,2855,0.000,228.278,590.611,800.000,6,1.0000
CASE021,2855,0.000,228.278,590.611,800.000,9,1.0000
CASE021,2855,703.794,126.692,1280.000,303.556,2,1.0000
CASE021,2890,0.000,0.000,602.958,224.165,6,1.0000
CASE021,2890,0.000,0.000,602.958,224.165,9,1.0000
CASE021,2890,0.000,385.550,417.749,578.866,13,1.0000
CASE021,2890,671.460,20.210,1280.000,242.318,13,1.0000
CASE021,2890,672.637,213.599,1236.495,800.000,10,1.0000
CASE021,2890,672.637,213.599,1236.495,800.000,14,1.0000
CASE021,2925,0.000,188.331,668.810,696.301,7,1.0000
CASE021,2925,0.000,188.331,668.810,696.301,15,1.0000
CASE021,2925,712.979,206.577,1280.000,422.515,13,1.0000
CASE021,2925,549.804,415.226,885.238,800.000,10,1.0000
CASE021,2925,549.804,415.226,885.238,800.000,14,1.0000
CASE021,2960,0.000,220.272,866.367,701.506,15,1.0000
CASE021,2960,615.435,379.576,975.563,800.000,10,1.0000
CASE021,2960,615.435,379.576,975.563,800.000,14,1.0000
CASE021,2960,1092.444,0.000,1280.000,100.771,15,1.0000
CASE021,2995,0.000,215.156,656.463,667.599,6,1.0000
CASE021,2995,0.000,215.156,656.463,667.599,9,1.0000
CASE021,2995,753.183,0.000,1280.000,341.388,4,1.0000
CASE021,3030,592.481,629.873,870.294,800.000,13,1.0000
CASE021,3030,825.209,188.843,1280.000,408.894,6,1.0000
CASE021,3030,825.209,188.843,1280.000,408.894,9,1.0000
CASE021,3030,825.209,188.843,1280.000,408.894,13,1.0000
CASE021,3030,0.000,279.692,775.820,800.000,6,1.0000
CASE021,3030,0.000,279.692,775.820,800.000,9,1.0000
CASE021,3065,0.000,152.147,837.556,604.589,6,1.0000
CASE021,3065,0.000,152.147,837.556,604.589,13,1.0000
CASE021,3065,858.135,25.321,1280.000,315.295,13,1.0000
CASE021,3065,754.125,281.591,1280.000,727.863,10,1.0000
CASE021,3100,0.000,130.376,705.852,593.101,4,1.0000
CASE021,3100,0.000,130.376,705.852,593.101,10,1.0000
CASE021,3100,648.741,579.784,1015.043,800.000,15,1.0000
CASE021,3100,761.415,0.000,1280.000,183.033,4,1.0000
CASE021,3100,761.415,0.000,1280.000,183.033,8,1.0000
CASE021,3100,761.415,0.000,1280.000,183.033,9,1.0000
CASE021,3135,0.000,136.483,617.363,393.552,13,1.0000
CASE021,3135,854.019,0.000,1280.000,213.882,13,1.0000
CASE021,3135,400.997,404.859,929.871,800.000,14,1.0000
CASE021,3170,0.000,357.025,716.093,800.000,6,1.0000
CASE021,3170,0.000,357.025,716.093,800.000,9,1.0000
CASE021,3170,771.271,206.434,1280.000,464.899,1,1.0000
CASE021,3170,771.271,206.434,1280.000,464.899,2,1.0000
CASE021,3170,771.271,206.434,1280.000,464.899,10,1.0000
CASE021,3205,0.000,228.924,555.627,500.389,6,1.0000
CASE021,3205,0.000,228.924,555.627,500.389,9,1.0000
CASE021,3205,798.167,557.327,1176.817,800.000,13,1.0000
CASE021,3205,806.688,0.000,1280.000,296.144,11,1.0000
CASE021,3205,806.688,0.000,1280.000,296.144,15,1.0000
CASE021,3240,594.727,30.481,1280.000,386.265,11,1.0000
CASE021,3240,594.727,30.481,1280.000,386.265,15,1.0000
CASE021,3240,0.000,392.802,481.543,800.000,6,1.0000
CASE021,3240,0.000,392.802,481.543,800.000,10,1.0000
CASE021,3240,592.379,606.401,839.325,800.000,10,1.0000
CASE021,3240,592.379,606.401,839.325,800.000,14,1.0000
CASE021,3275,0.000,38.648,833.441,657.671,15,1.0000
CASE021,3275,1035.371,242.982,1280.000,432.185,13,1.0000
CASE021,3275,684.984,439.820,1280.000,800.000,15,1.0000
CASE021,3310,0.000,126.054,574.148,469.499,7,1.0000
CASE021,3310,0.000,126.054,574.148,469.499,15,1.0000
CASE021,3310,934.277,75.810,1280.000,312.314,2,1.0000
CASE021,3310,753.183,450.386,1280.000,800.000,13,1.0000
CASE021,3345,0.000,0.000,788.167,409.254,15,1.0000
CASE021,3345,868.424,158.786,1280.000,387.063,15,1.0000
CASE021,3345,641.768,569.383,901.061,800.000,13,1.0000
CASE021,3380,111.541,407.507,595.142,545.296,6,1.0000
CASE021,3380,111.541,407.507,595.142,545.296,9,1.0000
CASE021,3380,631.792,139.191,1280.000,351.017,15,1.0000
CASE021,3380,672.637,598.175,938.103,800.000,13,1.0000
CASE021,3380,0.000,250.617,508.296,594.062,6,1.0000
CASE021,3380,0.000,250.617,508.296,594.062,9,1.0000
CASE021,3415,0.000,371.532,403.344,725.260,6,1.0000
CASE021,3415,0.000,371.532,403.344,725.260,9,1.0000
CASE021,3415,882.180,166.814,1280.000,405.374,13,1.0000
CASE021,3415,0.000,339.049,366.302,476.838,13,1.0000
CASE021,3415,604.727,661.928,761.125,800.000,14,1.0000
CASE021,3450,0.000,383.871,495.949,800.000,6,1.0000
CASE021,3450,0.000,383.871,495.949,800.000,9,1.0000
CASE021,3450,0.000,329.790,438.328,467.579,6,1.0000
CASE021,3450,0.000,329.790,438.328,467.579,9,1.0000
CASE021,3450,844.445,37.303,1280.000,251.184,4,1.0000
CASE021,3450,844.445,37.303,1280.000,251.184,10,1.0000
CASE021,3450,709.678,458.329,1075.981,800.000,13,1.0000
CASE021,3485,0.000,327.966,539.164,492.490,6,1.0000
CASE021,3485,0.000,327.966,539.164,492.490,9,1.0000
CASE021,3485,403.055,721.851,668.521,800.000,6,1.0000
CASE021,3485,403.055,721.851,668.521,800.000,9,1.0000
CASE021,3485,1047.460,127.224,1280.000,293.805,15,1.0000
CASE021,3485,859.904,254.730,1280.000,682.494,6,1.0000
CASE021,3485,859.904,254.730,1280.000,682.494,10,1.0000
CASE021,3520,0.000,409.601,415.691,625.539,6,1.0000
CASE021,3520,0.000,409.601,415.691,625.539,9,1.0000
CASE021,3520,913.346,139.149,1280.000,383.879,13,1.0000
CASE021,3520,0.000,631.362,415.691,800.000,2,1.0000
CASE021,3520,0.000,631.362,415.691,800.000,15,1.0000
CASE021,3520,703.505,512.082,977.203,800.000,6,1.0000
CASE021,3520,703.505,512.082,977.203,800.000,10,1.0000
CASE021,3555,0.000,405.141,695.563,800.000,11,1.0000
CASE021,3555,0.000,405.141,695.563,800.000,15,1.0000
CASE021,3555,0.000,408.785,397.170,600.045,6,1.0000
CASE021,3555,0.000,408.785,397.170,600.045,9,1.0000
CASE021,3555,610.600,674.550,1069.507,800.000,10,1.0000
CASE021,3590,754.636,558.476,1065.376,800.000,13,1.0000
CASE021,3590,186.967,680.720,689.089,800.000,6,1.0000
CASE021,3590,186.967,680.720,689.089,800.000,9,1.0000
CASE021,3590,687.331,619.023,1280.000,800.000,4,1.0000
CASE021,3590,687.331,619.023,1280.000,800.000,10,1.0000
CASE021,3590,687.331,619.023,1280.000,800.000,15,1.0000
CASE021,3590,0.000,404.859,512.412,583.779,6,1.0000
CASE021,3590,0.000,404.859,512.412,583.779,9,1.0000
CASE021,3625,0.000,252.956,946.624,800.000,15,1.0000
CASE021,3625,0.000,258.274,494.980,438.832,3,1.0000
CASE021,3625,0.000,258.274,494.980,438.832,6,1.0000
CASE021,3625,761.519,512.417,1280.000,722.186,6,1.0000
CASE021,3625,761.519,512.417,1280.000,722.186,10,1.0000
CASE021,3625,950.450,684.550,1133.601,800.000,13,1.0000
CASE021,3660,932.219,136.384,1280.000,292.682,1,1.0000
CASE021,3660,932.219,136.384,1280.000,292.682,4,1.0000
CASE021,3660,932.219,136.384,1280.000,292.682,10,1.0000
CASE021,3660,0.000,213.599,405.402,400.745,6,1.0000
CASE021,3660,0.000,213.599,405.402,400.745,9,1.0000
CASE021,3660,0.000,246.504,613.248,742.134,10,1.0000
CASE021,3660,919.582,258.843,1280.000,589.949,13,1.0000
CASE021,3695,331.825,483.290,846.295,800.000,6,1.0000
CASE021,3695,331.825,483.290,846.295,800.000,10,1.0000
CASE021,3695,0.000,239.774,489.775,416.638,6,1.0000
CASE021,3695,0.000,239.774,489.775,416.638,9,1.0000
CASE021,3695,777.689,354.805,1280.000,679.741,4,1.0000
CASE021,3695,777.689,354.805,1280.000,679.741,10,1.0000
CASE021,3695,769.357,256.787,1280.000,748.303,15,1.0000
CASE021,3730,616.242,682.776,842.609,800.000,6,1.0000
CASE021,3730,616.242,682.776,842.609,800.000,9,1.0000
CASE021,3730,0.000,99.638,518.585,266.219,6,1.0000
CASE021,3730,0.000,99.638,518.585,266.219,9,1.0000
CASE021,3730,771.704,160.851,1280.000,378.845,15,1.0000
CASE021,3730,1050.636,365.296,1280.000,521.703,14,1.0000
CASE021,3730,1050.636,365.296,1280.000,521.703,15,1.0000
CASE021,3765,0.000,566.946,368.360,800.000,6,1.0000
CASE021,3765,0.000,566.946,368.360,800.000,9,1.0000
CASE021,3765,557.685,209.940,1280.000,600.686,15,1.0000
CASE021,3765,522.412,44.961,1280.000,612.571,15,1.0000
CASE021,3800,503.658,0.000,1280.000,230.334,10,1.0000
CASE021,3800,503.658,0.000,1280.000,230.334,15,1.0000
CASE021,3800,621.190,332.879,1280.000,800.000,14,1.0000
CASE021,3800,0.000,123.111,417.749,534.422,6,1.0000
CASE021,3800,0.000,123.111,417.749,534.422,9,1.0000
CASE021,3835,586.852,0.000,1280.000,252.956,15,1.0000
CASE021,3835,0.000,40.848,440.386,503.573,6,1.0000
CASE021,3835,0.000,40.848,440.386,503.573,9,1.0000
CASE021,3835,0.000,382.236,343.666,515.913,6,1.0000
CASE021,3835,0.000,382.236,343.666,515.913,9,1.0000
CASE021,3835,697.331,612.571,958.682,800.000,10,1.0000
CASE021,3835,697.331,612.571,958.682,800.000,14,1.0000
CASE021,3870,0.000,287.918,631.768,800.000,6,1.0000
CASE021,3870,0.000,287.918,631.768,800.000,9,1.0000
CASE021,3870,569.281,86.923,1280.000,424.198,15,1.0000
CASE021,3870,0.000,384.293,343.666,542.648,6,1.0000
CASE021,3870,0.000,384.293,343.666,542.648,9,1.0000
CASE021,3870,761.125,532.365,1152.122,800.000,10,1.0000
CASE021,3870,761.125,532.365,1152.122,800.000,14,1.0000
CASE021,3905,0.000,129.243,648.232,723.588,11,1.0000
CASE021,3905,0.000,129.243,648.232,723.588,15,1.0000
CASE021,3905,641.857,159.744,1280.000,441.492,6,1.0000
CASE021,3905,641.857,159.744,1280.000,441.492,10,1.0000
CASE021,3905,668.810,388.689,1280.000,800.000,13,1.0000
CASE021,3940,0.000,373.986,341.608,552.906,6,1.0000
CASE021,3940,0.000,373.986,341.608,552.906,9,1.0000
CASE021,3940,639.632,491.330,1280.000,736.060,10,1.0000
CASE021,3940,724.084,281.465,1108.907,548.817,10,1.0000
CASE021,3940,724.084,281.465,1108.907,548.817,14,1.0000
CASE021,3975,0.000,134.347,578.264,747.200,5,1.0000
CASE021,3975,0.000,134.347,578.264,747.200,9,1.0000
CASE021,3975,656.300,188.725,1280.000,604.149,13,1.0000
CASE021,3975,592.379,178.638,1280.000,800.000,13,1.0000
CASE021,4010,23.799,382.519,725.535,800.000,6,1.0000
CASE021,4010,23.799,382.519,725.535,800.000,9,1.0000
CASE021,4010,0.000,0.000,434.212,137.789,6,1.0000
CASE021,4010,0.000,0.000,434.212,137.789,9,1.0000
CASE021,4010,849.383,104.128,1280.000,315.953,13,1.0000
CASE021,4010,735.757,192.014,1280.000,615.664,13,1.0000
CASE021,4045,404.978,530.591,750.702,800.000,6,1.0000
CASE021,4045,404.978,530.591,750.702,800.000,9,1.0000
CASE021,4045,590.611,274.052,1280.000,561.970,7,1.0000
CASE021,4045,590.611,274.052,1280.000,561.970,15,1.0000
CASE021,4045,0.000,108.715,288.103,256.787,6,1.0000
CASE021,4045,0.000,108.715,288.103,256.787,9,1.0000
CASE021,4045,625.595,310.540,1251.190,800.000,15,1.0000
CASE021,4080,575.703,52.529,1158.082,254.072,6,1.0000
CASE021,4080,575.703,52.529,1158.082,254.072,8,1.0000
CASE021,4080,575.703,52.529,1158.082,254.072,15,1.0000
CASE021,4080,139.646,569.666,458.617,800.000,15,1.0000
CASE021,4115,204.377,538.584,677.689,800.000,13,1.0000
CASE021,4115,0.000,125.450,709.968,800.000,6,1.0000
CASE021,4115,0.000,125.450,709.968,800.000,8,1.0000
CASE021,4115,0.000,125.450,709.968,800.000,9,1.0000
CASE021,4115,907.524,71.008,1280.000,352.756,13,1.0000
CASE021,4115,826.977,69.640,1148.006,172.468,6,1.0000
CASE021,4115,826.977,69.640,1148.006,172.468,8,1.0000
CASE021,4115,826.977,69.640,1148.006,172.468,9,1.0000
CASE021,4150,0.000,224.601,825.209,736.684,7,1.0000
CASE021,4150,0.000,224.601,825.209,736.684,11,1.0000
CASE021,4150,0.000,224.601,825.209,736.684,15,1.0000
CASE021,4150,676.007,0.000,1280.000,281.748,6,1.0000
CASE021,4150,676.007,0.000,1280.000,281.748,10,1.0000
CASE021,4150,0.000,164.524,619.421,800.000,15,1.0000
CASE021,4150,644.116,147.789,1280.000,359.614,3,1.0000
CASE021,4150,644.116,147.789,1280.000,359.614,6,1.0000
CASE021,4150,644.116,147.789,1280.000,359.614,10,1.0000
CASE021,4185,0.000,252.956,662.637,800.000,3,1.0000
CASE021,4185,0.000,252.956,662.637,800.000,6,1.0000
CASE021,4185,0.000,252.956,662.637,800.000,10,1.0000
CASE021,4185,517.758,114.554,1280.000,326.380,6,1.0000
CASE021,4185,517.758,114.554,1280.000,326.380,13,1.0000
CASE021,4185,758.307,294.750,1280.000,549.763,7,1.0000
CASE021,4220,0.000,85.768,882.830,770.601,2,1.0000
CASE021,4220,0.000,85.768,882.830,770.601,15,1.0000
CASE021,4220,31.827,526.478,426.939,800.000,6,1.0000
CASE021,4220,31.827,526.478,426.939,800.000,10,1.0000
CASE021,4220,989.550,112.828,1280.000,339.049,13,1.0000
CASE021,4255,0.000,514.139,720.257,800.000,15,1.0000
CASE021,4255,0.000,156.298,586.495,800.000,6,1.0000
CASE021,4255,0.000,156.298,586.495,800.000,8,1.0000
CASE021,4255,0.000,156.298,586.495,800.000,9,1.0000
CASE021,4255,732.605,115.938,1280.000,284.576,6,1.0000
CASE021,4255,732.605,115.938,1280.000,284.576,8,1.0000
CASE021,4255,905.466,272.211,1280.000,496.376,13,1.0000
CASE021,4290,0.000,114.512,697.621,503.201,3,1.0000
CASE021,4290,0.000,114.512,697.621,503.201,6,1.0000
CASE021,4290,0.000,279.692,697.621,800.000,7,1.0000
CASE021,4290,0.000,279.692,697.621,800.000,11,1.0000
CASE021,4290,0.000,279.692,697.621,800.000,15,1.0000
CASE021,4290,1049.518,337.521,1280.000,428.009,13,1.0000
CASE021,4290,897.235,425.397,1280.000,626.939,13,1.0000
CASE021,4325,89.689,577.565,340.259,800.000,13,1.0000
CASE021,4325,0.000,382.236,323.087,717.455,6,1.0000
CASE021,4325,0.000,382.236,323.087,717.455,10,1.0000
CASE021,4325,775.531,752.699,1224.148,800.000,10,1.0000
CASE021,4360,26.752,567.609,518.585,800.000,6,1.0000
CASE021,4360,26.752,567.609,518.585,800.000,9,1.0000
CASE021,4360,0.000,555.270,224.309,800.000,15,1.0000
CASE021,4360,724.084,699.229,1280.000,800.000,10,1.0000
CASE021,4360,876.367,557.044,1059.518,705.116,6,1.0000
CASE021,4360,876.367,557.044,1059.518,705.116,10,1.0000
CASE021,4360,876.367,557.044,1059.518,705.116,14,1.0000
CASE021,4395,0.000,261.796,728.489,765.652,5,1.0000
CASE021,4395,730.547,264.145,1280.000,525.327,11,1.0000
CASE021,4395,683.193,20.780,1109.174,302.528,6,1.0000
CASE021,4395,683.193,20.780,1109.174,302.528,10,1.0000
CASE021,4430,0.000,235.594,421.865,505.002,6,1.0000
CASE021,4430,0.000,235.594,421.865,505.002,9,1.0000
CASE021,4430,580.322,242.829,1280.000,592.443,15,1.0000
CASE021,4465,0.000,117.564,423.923,370.520,15,1.0000
CASE021,4465,652.058,302.031,987.492,649.589,6,1.0000
CASE021,4465,652.058,302.031,987.492,649.589,10,1.0000
CASE021,4465,596.785,619.023,1280.000,800.000,6,1.0000
CASE021,4465,596.785,619.023,1280.000,800.000,10,1.0000
CASE021,4500,0.000,166.380,627.653,376.149,6,1.0000
CASE021,4500,0.000,166.380,627.653,376.149,8,1.0000
CASE021,4500,0.000,166.380,627.653,376.149,9,1.0000
CASE021,4500,744.662,254.730,1104.791,509.743,6,1.0000
CASE021,4500,744.662,254.730,1104.791,509.743,8,1.0000
CASE021,4500,744.662,254.730,1104.791,509.743,9,1.0000
CASE021,4500,1045.113,106.658,1280.000,271.182,13,1.0000
CASE021,4500,0.000,0.000,316.913,137.789,6,1.0000
CASE021,4500,0.000,0.000,316.913,137.789,10,1.0000
CASE021,4535,943.896,154.432,1280.000,341.338,15,1.0000
CASE021,4535,518.296,77.866,1160.354,610.514,6,1.0000
CASE021,4535,518.296,77.866,1160.354,610.514,8,1.0000
CASE021,4535,518.296,77.866,1160.354,610.514,9,1.0000
CASE021,4535,0.000,0.000,353.955,222.108,6,1.0000
CASE021,4535,0.000,0.000,353.955,222.108,9,1.0000
CASE021,4535,339.260,653.702,499.775,800.000,13,1.0000
CASE021,4535,0.000,0.000,376.592,49.357,15,1.0000
CASE021,4570,1020.707,36.156,1280.000,157.493,13,1.0000
CASE021,4570,514.469,65.967,1280.000,674.708,6,1.0000
CASE021,4570,514.469,65.967,1280.000,674.708,8,1.0000
CASE021,4570,514.469,65.967,1280.000,674.708,9,1.0000
CASE021,4570,0.000,283.522,491.833,641.362,6,1.0000
CASE021,4570,0.000,283.522,491.833,641.362,8,1.0000
CASE021,4570,0.000,283.522,491.833,641.362,9,1.0000
CASE021,4605,825.848,725.964,963.726,800.000,13,1.0000
CASE021,4605,0.000,0.000,458.907,220.051,11,1.0000
CASE021,4605,0.000,0.000,458.907,220.051,15,1.0000
CASE021,4605,1069.807,359.614,1168.585,435.707,15,1.0000
CASE021,4640,0.000,610.387,456.849,800.000,13,1.0000
CASE021,4675,90.737,584.062,601.091,800.000,15,1.0000
CASE021,4675,0.000,148.488,707.910,574.195,7,1.0000
CASE021,4675,0.000,148.488,707.910,574.195,13,1.0000
CASE021,4675,738.939,485.733,1280.000,800.000,15,1.0000
CASE021,4710,0.000,284.426,339.550,461.290,13,1.0000
CASE021,4710,0.000,503.856,623.537,800.000,6,1.0000
CASE021,4710,0.000,503.856,623.537,800.000,9,1.0000
CASE021,4710,796.399,322.372,1280.000,562.989,13,1.0000
CASE021,4745,0.000,305.247,518.585,628.127,6,1.0000
CASE021,4745,0.000,305.247,518.585,628.127,9,1.0000
CASE021,4745,58.332,524.422,601.612,800.000,6,1.0000
CASE021,4745,58.332,524.422,601.612,800.000,9,1.0000
CASE021,4745,502.122,64.349,1280.000,508.565,10,1.0000
CASE021,4780,0.000,479.177,572.090,800.000,6,1.0000
CASE021,4780,0.000,479.177,572.090,800.000,9,1.0000
CASE021,4780,0.000,361.671,452.733,651.645,6,1.0000
CASE021,4780,0.000,361.671,452.733,651.645,9,1.0000
CASE021,4780,436.270,104.602,1280.000,575.553,1,1.0000
CASE021,4780,436.270,104.602,1280.000,575.553,4,1.0000
CASE021,4780,436.270,104.602,1280.000,575.553,15,1.0000
CASE021,4815,0.000,160.600,135.820,288.106,6,1.0000
CASE021,4815,0.000,160.600,135.820,288.106,9,1.0000
CASE021,4815,357.997,543.076,617.289,664.413,6,1.0000
CASE021,4815,357.997,543.076,617.289,664.413,9,1.0000
CASE021,4815,486.318,95.541,1280.000,492.457,1,1.0000
CASE021,4815,486.318,95.541,1280.000,492.457,4,1.0000
CASE021,4815,486.318,95.541,1280.000,492.457,10,1.0000
CASE021,4850,0.000,195.987,489.775,448.943,2,1.0000
CASE021,4850,0.000,195.987,489.775,448.943,5,1.0000
CASE021,4850,0.000,366.324,444.502,576.093,6,1.0000
CASE021,4850,0.000,366.324,444.502,576.093,9,1.0000
CASE021,4850,536.272,672.930,869.649,800.000,15,1.0000
CASE021,4850,712.384,171.880,1187.754,426.893,13,1.0000
CASE021,4885,0.000,505.537,442.444,742.041,6,1.0000
CASE021,4885,0.000,505.537,442.444,742.041,9,1.0000
CASE021,4885,738.778,488.485,1280.000,737.329,13,1.0000
CASE021,4885,452.713,0.000,1193.549,213.882,15,1.0000
CASE021,4885,98.489,435.707,372.186,598.175,6,1.0000
CASE021,4885,98.489,435.707,372.186,598.175,13,1.0000
CASE021,4920,0.000,403.085,343.666,800.000,13,1.0000
CASE021,4920,693.505,395.793,1280.000,739.238,13,1.0000
CASE021,4920,0.000,472.725,300.450,800.000,15,1.0000
CASE021,4955,423.393,200.024,1280.000,633.957,7,1.0000
CASE021,4955,423.393,200.024,1280.000,633.957,11,1.0000
CASE021,4955,423.393,200.024,1280.000,633.957,15,1.0000
CASE021,4955,0.000,308.200,195.498,546.761,7,1.0000
CASE021,4990,835.498,544.714,1280.000,740.086,6,1.0000
CASE021,4990,835.498,544.714,1280.000,740.086,9,1.0000
CASE021,4990,0.000,0.000,689.389,318.766,1,1.0000
CASE021,4990,0.000,0.000,689.389,318.766,6,1.0000
CASE021,5025,0.000,312.021,625.595,653.409,11,1.0000
CASE021,5025,0.000,312.021,625.595,653.409,15,1.0000
CASE021,5025,637.088,324.535,1280.000,800.000,7,1.0000
CASE021,5025,637.088,324.535,1280.000,800.000,15,1.0000
CASE021,5060,0.000,263.715,596.785,633.895,1,1.0000
CASE021,5060,0.000,263.715,596.785,633.895,6,1.0000
CASE021,5060,0.000,263.715,596.785,633.895,9,1.0000
CASE021,5060,821.093,176.633,1280.000,468.664,13,1.0000
CASE021,5095,518.585,167.786,1280.000,505.061,7,1.0000
CASE021,5095,518.585,167.786,1280.000,505.061,11,1.0000
CASE021,5095,518.585,167.786,1280.000,505.061,15,1.0000
CASE021,5130,0.000,435.731,732.605,800.000,6,1.0000
CASE021,5130,0.000,435.731,732.605,800.000,9,1.0000
CASE021,5130,619.969,256.898,1280.000,439.932,15,1.0000
CASE021,5165,0.000,156.575,594.727,606.960,1,1.0000
CASE021,5165,0.000,156.575,594.727,606.960,2,1.0000
CASE021,5165,0.000,156.575,594.727,606.960,5,1.0000
CASE021,5165,502.831,666.324,945.275,800.000,6,1.0000
CASE021,5165,502.831,666.324,945.275,800.000,10,1.0000
CASE021,5200,0.000,436.280,530.932,674.840,13,1.0000
CASE021,5200,1098.907,232.108,1280.000,355.501,15,1.0000
CASE021,5235,0.000,0.000,956.913,337.275,15,1.0000
CASE021,5235,931.929,0.000,1280.000,170.694,13,1.0000
CASE021,5270,0.000,438.746,489.775,726.664,6,1.0000
CASE021,5270,0.000,438.746,489.775,726.664,9,1.0000
CASE021,5270,429.415,0.000,1178.483,339.332,1,1.0000
CASE021,5270,429.415,0.000,1178.483,339.332,4,1.0000
CASE021,5270,429.415,0.000,1178.483,339.332,10,1.0000
CASE021,5305,461.805,0.000,770.487,320.823,10,1.0000
CASE021,5305,461.805,0.000,770.487,320.823,15,1.0000
CASE021,5340,604.819,0.000,1280.000,255.013,1,1.0000
CASE021,5340,604.819,0.000,1280.000,255.013,4,1.0000
CASE021,5340,604.819,0.000,1280.000,255.013,10,1.0000
CASE021,5340,0.000,509.743,543.280,723.625,6,1.0000
CASE021,5340,0.000,509.743,543.280,723.625,9,1.0000
CASE021,5375,0.000,437.763,362.186,581.722,6,1.0000
CASE021,5375,0.000,437.763,362.186,581.722,9,1.0000
CASE021,5375,479.196,0.000,896.945,306.427,15,1.0000
CASE021,5410,0.000,570.174,528.875,800.000,6,1.0000
CASE021,5410,0.000,570.174,528.875,800.000,9,1.0000
CASE021,5410,654.405,0.000,1146.238,269.409,1,1.0000
CASE021,5410,654.405,0.000,1146.238,269.409,4,1.0000
CASE021,5410,654.405,0.000,1146.238,269.409,10,1.0000
CASE021,5445,0.000,244.229,582.379,515.694,6,1.0000
CASE021,5445,0.000,244.229,582.379,515.694,9,1.0000
CASE021,5445,821.093,52.760,1280.000,414.713,15,1.0000
CASE021,5515,58.540,429.820,638.862,800.000,2,1.0000
CASE021,5515,58.540,429.820,638.862,800.000,5,1.0000
CASE021,5515,58.540,429.820,638.862,800.000,10,1.0000
CASE021,5515,409.518,150.129,1280.000,800.000,15,1.0000
CASE021,5550,841.383,596.401,1213.859,800.000,6,1.0000
CASE021,5550,841.383,596.401,1213.859,800.000,10,1.0000
CASE021,5550,0.000,283.805,685.273,800.000,15,1.0000
CASE021,5585,0.000,133.654,502.122,479.155,13,1.0000
CASE021,5585,833.824,73.071,1280.000,367.158,13,1.0000
CASE021,5585,331.029,563.496,635.595,800.000,6,1.0000
CASE021,5585,331.029,563.496,635.595,800.000,9,1.0000
CASE021,5620,688.630,178.825,1280.000,649.776,1,1.0000
CASE021,5620,688.630,178.825,1280.000,649.776,2,1.0000
CASE021,5620,688.630,178.825,1280.000,649.776,4,1.0000
CASE021,5620,0.000,329.049,648.232,800.000,6,1.0000
CASE021,5620,0.000,329.049,648.232,800.000,9,1.0000
CASE021,5655,870.482,248.560,1280.000,540.591,10,1.0000
CASE021,5655,296.045,501.799,773.473,800.000,10,1.0000
CASE021,5690,0.000,149.794,502.122,351.336,15,1.0000
CASE021,5690,488.702,487.148,1280.000,800.000,10,1.0000
CASE021,5725,0.000,347.558,615.305,800.000,6,1.0000
CASE021,5725,0.000,347.558,615.305,800.000,9,1.0000
CASE021,5725,446.516,68.812,1280.000,776.267,1,1.0000
CASE021,5725,446.516,68.812,1280.000,776.267,4,1.0000
CASE021,5725,446.516,68.812,1280.000,776.267,10,1.0000
CASE021,5760,0.000,249.180,567.974,637.868,13,1.0000
CASE021,5760,357.781,431.877,859.904,800.000,13,1.0000
CASE021,5760,969.260,125.167,1280.000,365.784,13,1.0000
CASE021,5795,450.975,205.728,1280.000,800.000,10,1.0000
CASE021,5795,450.975,205.728,1280.000,800.000,15,1.0000
CASE021,5795,639.711,592.288,833.151,800.000,6,1.0000
CASE021,5795,639.711,592.288,833.151,800.000,9,1.0000
CASE021,5795,0.000,363.727,374.534,666.041,6,1.0000
CASE021,5795,0.000,363.727,374.534,666.041,9,1.0000
CASE021,5830,621.479,146.015,1280.000,800.000,15,1.0000
CASE021,5830,0.000,131.337,662.637,561.157,15,1.0000
CASE021,5830,1003.955,688.946,1119.196,800.000,6,1.0000
CASE021,5830,1003.955,688.946,1119.196,800.000,13,1.0000
CASE021,5865,0.000,340.173,946.624,800.000,6,1.0000
CASE021,5865,0.000,340.173,946.624,800.000,10,1.0000
CASE021,5865,993.955,645.758,1135.949,800.000,6,1.0000
CASE021,5865,993.955,645.758,1135.949,800.000,9,1.0000
CASE021,5865,831.093,0.000,1280.000,199.486,10,1.0000
CASE021,5900,689.115,579.949,919.597,800.000,6,1.0000
CASE021,5900,689.115,579.949,919.597,800.000,9,1.0000
CASE021,5900,814.645,0.000,1280.000,137.789,13,1.0000
CASE021,5900,0.000,371.928,407.460,800.000,13,1.0000
CASE021,5935,0.000,265.296,821.093,800.000,15,1.0000
CASE021,5935,641.086,491.517,1280.000,800.000,2,1.0000
CASE021,5935,641.086,491.517,1280.000,800.000,15,1.0000
CASE021,5970,0.000,243.514,611.190,640.429,15,1.0000
CASE021,5970,679.100,194.930,1280.000,800.000,13,1.0000
CASE021,6005,1060.534,232.416,1280.000,374.318,15,1.0000
CASE021,6005,213.730,594.344,561.511,800.000,11,1.0000
CASE021,6005,213.730,594.344,561.511,800.000,15,1.0000
CASE021,6040,73.518,462.725,705.287,800.000,6,1.0000
CASE021,6040,73.518,462.725,705.287,800.000,13,1.0000
CASE021,6040,590.498,69.438,1280.000,628.821,1,1.0000
CASE021,6040,590.498,69.438,1280.000,628.821,4,1.0000
CASE021,6040,590.498,69.438,1280.000,628.821,7,1.0000
CASE021,6040,623.248,682.776,746.720,800.000,6,1.0000
CASE021,6040,623.248,682.776,746.720,800.000,9,1.0000
CASE021,6075,0.000,96.658,656.463,800.000,6,1.0000
CASE021,6075,0.000,96.658,656.463,800.000,9,1.0000
CASE021,6075,689.647,151.456,1280.000,770.479,4,1.0000
CASE021,6075,689.647,151.456,1280.000,770.479,15,1.0000
CASE021,6075,314.566,699.229,481.254,800.000,6,1.0000
CASE021,6075,314.566,699.229,481.254,800.000,9,1.0000
CASE021,6110,843.730,303.200,1280.000,640.475,13,1.0000
CASE021,6110,296.045,273.522,896.945,800.000,2,1.0000
CASE021,6110,296.045,273.522,896.945,800.000,5,1.0000
CASE021,6145,473.023,608.740,647.942,800.000,6,1.0000
CASE021,6145,473.023,608.740,647.942,800.000,9,1.0000
CASE021,6145,617.074,442.159,1026.592,800.000,1,1.0000
CASE021,6145,617.074,442.159,1026.592,800.000,6,1.0000
CASE021,6145,617.074,442.159,1026.592,800.000,13,1.0000
CASE021,6145,1150.354,435.707,1280.000,526.195,13,1.0000
CASE021,6180,668.934,40.117,1280.000,620.066,10,1.0000
CASE021,6180,0.000,259.126,728.489,800.000,10,1.0000
CASE021,6215,0.000,191.260,617.363,800.000,13,1.0000
CASE021,6215,631.768,119.694,1280.000,619.437,15,1.0000
CASE021,6250,747.443,230.855,1280.000,660.675,4,1.0000
CASE021,6250,747.443,230.855,1280.000,660.675,10,1.0000
CASE021,6250,162.283,353.728,757.010,800.000,6,1.0000
CASE021,6250,162.283,353.728,757.010,800.000,10,1.0000
CASE021,6285,0.000,578.878,570.032,800.000,7,1.0000
CASE021,6285,0.000,578.878,570.032,800.000,15,1.0000
CASE021,6285,576.803,502.808,1115.967,800.000,15,1.0000
CASE021,6320,740.836,132.507,1280.000,500.631,15,1.0000
CASE021,6320,0.000,259.126,784.051,800.000,6,1.0000
CASE021,6320,0.000,259.126,784.051,800.000,13,1.0000
CASE021,6355,456.559,658.098,612.958,800.000,6,1.0000
CASE021,6355,456.559,658.098,612.958,800.000,9,1.0000
CASE021,6390,790.225,66.638,1280.000,383.348,13,1.0000
CASE021,6390,0.000,353.728,430.096,800.000,6,1.0000
CASE021,6390,0.000,353.728,430.096,800.000,13,1.0000
CASE021,6390,454.502,656.041,621.190,800.000,6,1.0000
CASE021,6390,454.502,656.041,621.190,800.000,9,1.0000
CASE021,6425,738.778,231.241,1280.000,609.648,6,1.0000
CASE021,6425,738.778,231.241,1280.000,609.648,13,1.0000
CASE021,6425,0.000,160.411,660.579,800.000,15,1.0000
CASE021,6425,501.833,623.136,652.058,800.000,5,1.0000
CASE021,6460,299.770,487.404,1022.085,800.000,10,1.0000
CASE021,6460,299.770,487.404,1022.085,800.000,15,1.0000
CASE021,6460,981.318,577.609,1280.000,764.756,6,1.0000
CASE021,6460,981.318,577.609,1280.000,764.756,13,1.0000
CASE021,6495,542.990,125.167,1280.000,503.573,6,1.0000
CASE021,6495,542.990,125.167,1280.000,503.573,10,1.0000
CASE021,6495,561.511,606.684,713.794,800.000,6,1.0000
CASE021,6495,561.511,606.684,713.794,800.000,9,1.0000
CASE021,6530,842.488,273.741,1280.000,549.320,6,1.0000
CASE021,6530,842.488,273.741,1280.000,549.320,10,1.0000
CASE021,6530,116.048,489.460,688.138,800.000,6,1.0000
CASE021,6530,116.048,489.460,688.138,800.000,9,1.0000
CASE021,6530,590.322,699.229,690.322,800.000,6,1.0000
CASE021,6530,590.322,699.229,690.322,800.000,9,1.0000
CASE021,6565,0.000,201.098,502.122,628.861,6,1.0000
CASE021,6565,0.000,201.098,502.122,628.861,15,1.0000
CASE021,6565,471.168,569.666,1234.641,800.000,15,1.0000
CASE021,6600,467.138,175.932,1280.000,611.922,6,1.0000
CASE021,6600,467.138,175.932,1280.000,611.922,9,1.0000
CASE021,6635,864.309,643.702,1280.000,800.000,15,1.0000
CASE021,6635,526.527,501.799,697.331,800.000,6,1.0000
CASE021,6635,526.527,501.799,697.331,800.000,9,1.0000
CASE021,6670,0.000,332.653,514.469,800.000,13,1.0000
CASE021,6670,560.840,214.627,1280.000,634.164,13,1.0000
CASE021,6670,549.164,542.931,713.794,800.000,6,1.0000
CASE021,6670,549.164,542.931,713.794,800.000,9,1.0000
CASE021,6705,0.000,456.555,679.100,800.000,13,1.0000
CASE021,6705,594.727,224.390,1280.000,619.249,13,1.0000
CASE021,6705,690.092,536.761,918.517,800.000,10,1.0000
CASE021,6740,220.820,438.046,667.379,800.000,6,1.0000
CASE021,6740,220.820,438.046,667.379,800.000,9,1.0000
CASE021,6740,675.764,436.014,1083.224,800.000,15,1.0000
CASE021,6740,779.936,243.912,1280.000,525.660,1,1.0000
CASE021,6740,779.936,243.912,1280.000,525.660,4,1.0000
CASE021,6740,779.936,243.912,1280.000,525.660,10,1.0000
CASE021,6775,465.285,612.853,699.883,800.000,6,1.0000
CASE021,6775,465.285,612.853,699.883,800.000,9,1.0000
CASE021,6775,757.926,557.331,986.350,800.000,15,1.0000
CASE021,6775,479.486,238.388,1280.000,635.303,1,1.0000
CASE021,6775,479.486,238.388,1280.000,635.303,4,1.0000
CASE021,6775,479.486,238.388,1280.000,635.303,15,1.0000
CASE021,6810,0.000,602.571,502.122,800.000,6,1.0000
CASE021,6810,0.000,602.571,502.122,800.000,9,1.0000
CASE021,6810,633.826,207.245,1280.000,558.916,1,1.0000
CASE021,6810,633.826,207.245,1280.000,558.916,4,1.0000
CASE021,6810,633.826,207.245,1280.000,558.916,10,1.0000
CASE021,6810,848.431,707.455,1025.408,800.000,15,1.0000
CASE021,6845,0.000,319.355,364.244,514.728,13,1.0000
CASE021,6845,766.174,0.000,1280.000,238.560,13,1.0000
CASE021,6845,833.151,353.445,1280.000,800.000,14,1.0000
CASE021,6845,510.064,507.969,884.598,800.000,10,1.0000
CASE021,6880,0.000,431.408,257.235,711.100,13,1.0000
CASE021,6880,310.740,192.430,1280.000,800.000,1,1.0000
CASE021,6880,310.740,192.430,1280.000,800.000,2,1.0000
CASE021,6880,310.740,192.430,1280.000,800.000,4,1.0000
CASE021,6880,269.293,475.064,654.116,800.000,13,1.0000
CASE021,6915,0.000,509.159,537.106,800.000,13,1.0000
CASE021,6915,579.254,598.458,832.373,800.000,15,1.0000
CASE021,6915,449.767,218.659,1280.000,679.328,1,1.0000
CASE021,6915,449.767,218.659,1280.000,679.328,4,1.0000
CASE021,6915,449.767,218.659,1280.000,679.328,15,1.0000
CASE021,6950,761.415,0.000,1280.000,259.126,13,1.0000
CASE021,6950,749.822,348.304,1161.397,800.000,15,1.0000
CASE021,6985,0.000,128.011,658.521,543.436,6,1.0000
CASE021,6985,0.000,128.011,658.521,543.436,9,1.0000
CASE021,6985,829.792,174.775,1280.000,417.448,13,1.0000
CASE021,6985,804.341,678.380,931.929,800.000,15,1.0000
CASE021,6985,411.286,649.871,633.537,800.000,13,1.0000
CASE021,7020,571.937,650.056,761.261,800.000,15,1.0000
CASE021,7020,424.453,255.175,1280.000,736.409,1,1.0000
CASE021,7020,424.453,255.175,1280.000,736.409,4,1.0000
CASE021,7020,424.453,255.175,1280.000,736.409,15,1.0000
CASE021,7055,0.000,470.024,520.643,800.000,7,1.0000
CASE021,7055,677.934,0.000,1280.000,104.884,15,1.0000
CASE021,7055,712.625,433.667,1048.059,800.000,13,1.0000
CASE021,7090,542.326,120.216,1280.000,517.132,1,1.0000
CASE021,7090,542.326,120.216,1280.000,517.132,15,1.0000
CASE021,7090,822.862,678.380,1043.055,800.000,15,1.0000
CASE021,7090,398.939,582.005,606.785,800.000,6,1.0000
CASE021,7090,398.939,582.005,606.785,800.000,9,1.0000
CASE021,7125,598.599,243.890,1280.000,620.240,1,1.0000
CASE021,7125,598.599,243.890,1280.000,620.240,10,1.0000
CASE021,7125,592.544,501.799,835.374,800.000,10,1.0000
CASE021,7125,592.544,501.799,835.374,800.000,14,1.0000
CASE021,7125,508.006,717.738,608.842,800.000,6,1.0000
CASE021,7125,508.006,717.738,608.842,800.000,9,1.0000
CASE021,7160,103.093,492.423,418.575,800.000,6,1.0000
CASE021,7160,103.093,492.423,418.575,800.000,9,1.0000
CASE021,7160,465.080,68.798,1280.000,412.242,7,1.0000
CASE021,7160,465.080,68.798,1280.000,412.242,15,1.0000
CASE021,7160,554.392,403.085,858.958,800.000,6,1.0000
CASE021,7160,554.392,403.085,858.958,800.000,10,1.0000
CASE021,7160,554.392,403.085,858.958,800.000,14,1.0000
CASE021,7195,137.923,503.856,553.614,800.000,6,1.0000
CASE021,7195,137.923,503.856,553.614,800.000,9,1.0000
CASE021,7195,742.894,0.000,1280.000,281.748,13,1.0000
CASE021,7195,724.660,446.272,1018.937,800.000,6,1.0000
CASE021,7195,724.660,446.272,1018.937,800.000,10,1.0000
CASE021,7195,724.660,446.272,1018.937,800.000,13,1.0000
CASE021,7230,199.168,651.928,573.701,800.000,6,1.0000
CASE021,7230,199.168,651.928,573.701,800.000,9,1.0000
CASE021,7230,275.756,359.897,1162.701,800.000,6,1.0000
CASE021,7230,275.756,359.897,1162.701,800.000,10,1.0000
CASE021,7230,275.756,359.897,1162.701,800.000,12,1.0000
CASE021,7265,567.974,300.385,1280.000,647.942,1,1.0000
CASE021,7265,567.974,300.385,1280.000,647.942,4,1.0000
CASE021,7265,567.974,300.385,1280.000,647.942,10,1.0000
CASE021,7265,547.106,723.907,711.736,800.000,6,1.0000
CASE021,7265,547.106,723.907,711.736,800.000,9,1.0000
CASE021,7300,245.060,431.877,810.977,800.000,15,1.0000
CASE021,7300,856.077,357.944,1280.000,658.201,11,1.0000
CASE021,7300,856.077,357.944,1280.000,658.201,15,1.0000
CASE021,7335,190.054,285.861,817.706,800.000,6,1.0000
CASE021,7335,190.054,285.861,817.706,800.000,10,1.0000
CASE021,7335,749.068,212.623,1280.000,623.934,2,1.0000
CASE021,7335,749.068,212.623,1280.000,623.934,12,1.0000
CASE021,7335,936.334,487.404,1280.000,800.000,6,1.0000
CASE021,7335,936.334,487.404,1280.000,800.000,10,1.0000
CASE021,7335,936.334,487.404,1280.000,800.000,14,1.0000
CASE021,7370,898.475,91.035,1280.000,343.991,13,1.0000
CASE021,7370,586.206,40.848,1280.000,800.000,10,1.0000
CASE021,7370,586.206,40.848,1280.000,800.000,16,1.0000
CASE021,7370,250.772,660.154,592.379,800.000,13,1.0000
CASE021,7405,0.000,535.296,364.244,769.743,15,1.0000
CASE021,7405,801.000,185.758,1280.000,453.110,13,1.0000
CASE021,7405,742.505,633.419,875.303,800.000,11,1.0000
CASE021,7405,742.505,633.419,875.303,800.000,15,1.0000
CASE021,7405,0.000,0.000,765.531,394.859,6,1.0000
CASE021,7405,0.000,0.000,765.531,394.859,9,1.0000
CASE021,7440,0.000,270.727,843.730,800.000,6,1.0000
CASE021,7440,0.000,270.727,843.730,800.000,9,1.0000
CASE021,7440,0.000,0.000,814.920,440.103,6,1.0000
CASE021,7440,0.000,0.000,814.920,440.103,9,1.0000
CASE021,7440,677.042,435.990,1280.000,800.000,4,1.0000
CASE021,7440,677.042,435.990,1280.000,800.000,10,1.0000
CASE021,7475,901.350,257.355,1280.000,450.671,13,1.0000
CASE021,7475,0.000,469.413,541.222,683.295,13,1.0000
CASE021,7475,0.000,90.765,849.904,448.606,7,1.0000
CASE021,7475,0.000,90.765,849.904,448.606,11,1.0000
CASE021,7475,0.000,90.765,849.904,448.606,15,1.0000
CASE021,7510,0.000,489.460,687.331,800.000,6,1.0000
CASE021,7510,0.000,489.460,687.331,800.000,9,1.0000
CASE021,7510,672.926,584.062,1280.000,800.000,15,1.0000
CASE021,7510,0.000,0.000,884.887,143.959,3,1.0000
CASE021,7510,0.000,0.000,884.887,143.959,6,1.0000
CASE021,7510,458.617,651.645,563.569,800.000,6,1.0000
CASE021,7510,458.617,651.645,563.569,800.000,10,1.0000
CASE021,7545,0.000,510.026,612.779,800.000,6,1.0000
CASE021,7545,0.000,510.026,612.779,800.000,13,1.0000
CASE021,7545,543.280,348.777,1280.000,677.826,7,1.0000
CASE021,7545,588.163,593.811,777.460,800.000,14,1.0000
CASE021,7580,0.000,296.931,450.675,580.736,2,1.0000
CASE021,7580,0.000,296.931,450.675,580.736,10,1.0000
CASE021,7580,621.479,263.549,1280.000,621.390,10,1.0000
CASE021,7580,347.492,624.910,489.486,800.000,6,1.0000
CASE021,7580,347.492,624.910,489.486,800.000,10,1.0000
CASE021,7615,0.000,154.812,372.476,432.446,6,1.0000
CASE021,7615,0.000,154.812,372.476,432.446,9,1.0000
CASE021,7615,417.573,268.295,1280.000,698.115,2,1.0000
CASE021,7615,298.103,672.211,423.633,800.000,14,1.0000
CASE021,7720,0.000,237.527,563.859,800.000,15,1.0000
CASE021,7720,600.900,249.274,1280.000,568.040,11,1.0000
CASE021,7720,600.900,249.274,1280.000,568.040,15,1.0000
CASE021,7720,335.145,670.154,450.386,800.000,6,1.0000
CASE021,7720,335.145,670.154,450.386,800.000,10,1.0000
CASE021,7755,0.000,200.190,537.106,642.349,6,1.0000
CASE021,7755,0.000,200.190,537.106,642.349,13,1.0000
CASE021,7755,596.785,369.430,1280.000,694.365,10,1.0000
CASE021,7755,505.949,635.476,652.058,800.000,6,1.0000
CASE021,7755,505.949,635.476,652.058,800.000,10,1.0000
CASE021,7755,505.949,635.476,652.058,800.000,14,1.0000
CASE021,7790,0.000,253.028,388.939,580.021,6,1.0000
CASE021,7790,0.000,253.028,388.939,580.021,9,1.0000
CASE021,7790,452.733,272.079,1280.000,627.863,10,1.0000
CASE021,7825,662.637,419.043,1280.000,800.000,6,1.0000
CASE021,7825,662.637,419.043,1280.000,800.000,15,1.0000
CASE021,7825,0.000,92.595,687.331,602.621,6,1.0000
CASE021,7825,0.000,92.595,687.331,602.621,9,1.0000
CASE021,7825,396.378,610.840,834.706,800.000,6,1.0000
CASE021,7825,396.378,610.840,834.706,800.000,10,1.0000
CASE021,7860,0.000,83.827,664.695,591.796,6,1.0000
CASE021,7860,0.000,83.827,664.695,591.796,9,1.0000
CASE021,7860,794.341,530.591,1280.000,800.000,6,1.0000
CASE021,7860,794.341,530.591,1280.000,800.000,10,1.0000
CASE021,7895,0.000,279.692,763.473,800.000,7,1.0000
CASE021,7895,0.000,279.692,763.473,800.000,11,1.0000
CASE021,7895,723.337,199.398,1280.000,511.995,6,1.0000
CASE021,7895,723.337,199.398,1280.000,511.995,10,1.0000
CASE021,7930,0.000,328.351,635.884,731.436,11,1.0000
CASE021,7930,0.000,328.351,635.884,731.436,15,1.0000
CASE021,7930,0.000,0.000,693.505,108.997,6,1.0000
CASE021,7930,0.000,0.000,693.505,108.997,9,1.0000
CASE021,7930,567.974,290.805,1280.000,675.381,10,1.0000
CASE021,7930,273.423,489.152,493.616,800.000,15,1.0000
CASE021,7965,0.000,0.000,349.839,193.316,6,1.0000
CASE021,7965,0.000,0.000,349.839,193.316,9,1.0000
CASE021,7965,714.084,267.333,1280.000,612.834,13,1.0000
CASE021,7965,0.000,221.825,283.987,581.722,6,1.0000
CASE021,7965,0.000,221.825,283.987,581.722,9,1.0000
CASE021,7965,0.000,221.825,283.987,581.722,13,1.0000
CASE021,8000,0.000,0.000,823.151,263.239,6,1.0000
CASE021,8000,0.000,0.000,823.151,263.239,9,1.0000
CASE021,8000,936.045,30.566,1280.000,378.123,13,1.0000
CASE021,8035,0.000,390.025,605.016,626.529,6,1.0000
CASE021,8035,0.000,390.025,605.016,626.529,9,1.0000
CASE021,8035,664.695,329.049,1280.000,800.000,10,1.0000
CASE021,8035,664.695,329.049,1280.000,800.000,15,1.0000
CASE021,8035,384.534,0.000,623.248,215.938,6,1.0000
CASE021,8035,384.534,0.000,623.248,215.938,9,1.0000
CASE021,8035,545.048,575.835,746.720,800.000,14,1.0000
CASE021,8070,503.881,553.213,676.743,800.000,10,1.0000
CASE021,8070,503.881,553.213,676.743,800.000,14,1.0000
CASE021,8070,843.730,362.181,1280.000,678.890,15,1.0000
CASE021,8070,26.463,466.838,670.579,800.000,7,1.0000
CASE021,8070,26.463,466.838,670.579,800.000,15,1.0000
CASE021,8105,0.000,219.289,596.785,778.672,6,1.0000
CASE021,8105,0.000,219.289,596.785,778.672,10,1.0000
CASE021,8105,677.877,257.919,1280.000,757.662,15,1.0000
CASE021,8105,647.942,526.195,849.614,800.000,6,1.0000
CASE021,8105,647.942,526.195,849.614,800.000,10,1.0000
CASE021,8105,647.942,526.195,849.614,800.000,14,1.0000
CASE021,8140,0.000,193.385,300.450,676.675,6,1.0000
CASE021,8140,0.000,193.385,300.450,676.675,9,1.0000
CASE021,8140,568.213,187.668,1280.000,703.863,15,1.0000
CASE021,8140,560.552,532.484,737.698,800.000,11,1.0000
CASE021,8140,560.552,532.484,737.698,800.000,15,1.0000
CASE021,8175,0.000,326.992,545.338,800.000,13,1.0000
CASE021,8175,765.241,334.936,1280.000,800.000,6,1.0000
CASE021,8175,765.241,334.936,1280.000,800.000,10,1.0000
CASE021,8175,765.241,334.936,1280.000,800.000,14,1.0000
CASE021,8175,967.203,67.584,1280.000,275.296,15,1.0000
CASE021,8210,0.000,179.502,576.206,666.906,6,1.0000
CASE021,8210,0.000,179.502,576.206,666.906,10,1.0000
CASE021,8210,729.863,393.094,1141.438,800.000,6,1.0000
CASE021,8210,729.863,393.094,1141.438,800.000,10,1.0000
CASE021,8210,602.958,137.506,1280.000,460.386,15,1.0000
CASE021,8245,0.000,301.996,864.309,800.000,2,1.0000
CASE021,8245,0.000,301.996,864.309,800.000,5,1.0000
CASE021,8245,920.890,106.705,1280.000,415.188,7,1.0000
CASE021,8245,920.890,106.705,1280.000,415.188,13,1.0000
CASE021,8245,769.508,468.963,1086.421,800.000,10,1.0000
CASE021,8280,0.000,110.586,800.514,651.460,6,1.0000
CASE021,8280,0.000,110.586,800.514,651.460,9,1.0000
CASE021,8280,879.201,271.704,1280.000,528.773,15,1.0000
CASE021,8280,738.489,386.350,1164.469,800.000,10,1.0000
CASE021,8280,738.489,386.350,1164.469,800.000,14,1.0000
CASE021,8315,242.648,111.520,1280.000,633.885,10,1.0000
CASE021,8315,0.000,0.000,211.961,71.979,6,1.0000
CASE021,8315,0.000,0.000,211.961,71.979,9,1.0000
CASE021,8315,386.592,703.342,501.833,800.000,15,1.0000
CASE021,8350,552.488,604.627,904.385,800.000,13,1.0000
CASE021,8350,0.000,419.849,565.916,800.000,2,1.0000
CASE021,8350,0.000,419.849,565.916,800.000,5,1.0000
CASE021,8350,722.225,149.694,1280.000,542.496,15,1.0000
CASE021,8350,479.196,686.607,580.032,800.000,6,1.0000
CASE021,8350,479.196,686.607,580.032,800.000,10,1.0000
CASE021,8385,145.724,456.050,761.030,800.000,6,1.0000
CASE021,8385,145.724,456.050,761.030,800.000,9,1.0000
CASE021,8385,584.437,230.585,1280.000,653.308,15,1.0000
CASE021,8385,766.268,505.450,998.809,800.000,14,1.0000
CASE021,8385,766.268,505.450,998.809,800.000,15,1.0000
CASE021,8420,0.000,359.897,512.412,800.000,7,1.0000
CASE021,8420,0.000,359.897,512.412,800.000,11,1.0000
CASE021,8420,0.000,359.897,512.412,800.000,15,1.0000
CASE021,8420,562.915,181.635,1280.000,601.172,15,1.0000
CASE021,8420,468.799,479.677,695.166,800.000,14,1.0000
CASE021,8420,468.799,479.677,695.166,800.000,15,1.0000
CASE021,8455,0.000,198.735,532.990,743.722,15,1.0000
CASE021,8455,514.150,210.276,1280.000,800.000,15,1.0000
CASE021,8455,724.084,581.722,919.582,800.000,14,1.0000
CASE021,8490,0.000,324.936,549.453,800.000,6,1.0000
CASE021,8490,0.000,324.936,549.453,800.000,9,1.0000
CASE021,8490,541.053,221.673,1280.000,680.285,1,1.0000
CASE021,8490,542.762,481.234,756.782,800.000,10,1.0000
CASE021,8490,542.762,481.234,756.782,800.000,14,1.0000
CASE021,8525,0.000,242.389,545.338,800.000,1,1.0000
CASE021,8525,0.000,242.389,545.338,800.000,2,1.0000
CASE021,8525,0.000,242.389,545.338,800.000,5,1.0000
CASE021,8525,572.516,167.369,1280.000,593.076,13,1.0000
CASE021,8525,647.942,517.969,868.135,800.000,10,1.0000
CASE021,8525,647.942,517.969,868.135,800.000,14,1.0000
CASE021,8560,0.000,322.879,547.395,800.000,6,1.0000
CASE021,8560,0.000,322.879,547.395,800.000,9,1.0000
CASE021,8560,532.990,169.073,1280.000,622.909,10,1.0000
CASE021,8560,481.254,234.164,919.582,800.000,15,1.0000
CASE021,8595,0.000,388.511,483.601,800.000,6,1.0000
CASE021,8595,0.000,388.511,483.601,800.000,10,1.0000
CASE021,8595,518.602,315.706,1280.000,739.357,13,1.0000
CASE021,8595,588.286,394.160,907.257,800.000,15,1.0000
CASE021,8630,0.000,140.329,421.865,504.339,1,1.0000
CASE021,8630,0.000,140.329,421.865,504.339,10,1.0000
CASE021,8630,422.853,0.000,1280.000,448.329,6,1.0000
CASE021,8630,422.853,0.000,1280.000,448.329,10,1.0000
CASE021,8630,277.524,299.974,452.444,800.000,10,1.0000
CASE021,8630,277.524,299.974,452.444,800.000,14,1.0000
CASE021,8665,226.223,310.749,1280.000,800.000,10,1.0000
CASE021,8665,0.000,343.445,191.383,800.000,10,1.0000
CASE021,8700,330.644,122.078,1280.000,669.122,15,1.0000
CASE021,8700,370.129,335.219,592.379,800.000,14,1.0000
CASE021,8700,0.000,0.000,358.071,123.393,6,1.0000
CASE021,8700,0.000,0.000,358.071,123.393,9,1.0000
CASE021,8735,543.280,347.558,1280.000,800.000,6,1.0000
CASE021,8735,543.280,347.558,1280.000,800.000,13,1.0000
CASE021,8735,0.000,0.000,364.244,279.692,6,1.0000
CASE021,8735,0.000,0.000,364.244,279.692,9,1.0000
CASE021,8770,505.079,156.479,1280.000,693.240,15,1.0000
CASE021,8805,0.000,0.000,567.974,364.010,15,1.0000
CASE021,8805,575.507,160.948,1280.000,687.426,13,1.0000
CASE021,8840,0.000,365.094,642.058,800.000,15,1.0000
CASE021,8840,761.808,266.574,1280.000,589.453,7,1.0000
CASE021,8840,640.555,335.650,1220.876,800.000,6,1.0000
CASE021,8840,640.555,335.650,1220.876,800.000,10,1.0000
CASE021,8875,0.000,386.632,759.357,800.000,2,1.0000
CASE021,8875,0.000,386.632,759.357,800.000,5,1.0000
CASE021,8875,0.000,386.632,759.357,800.000,10,1.0000
CASE021,8875,819.553,402.996,1280.000,709.422,6,1.0000
CASE021,8875,819.553,402.996,1280.000,709.422,10,1.0000
CASE021,8875,819.553,402.996,1280.000,709.422,13,1.0000
CASE021,8875,621.377,593.444,833.339,800.000,10,1.0000
CASE021,8910,266.418,454.499,741.788,800.000,15,1.0000
CASE021,8910,748.405,473.734,1280.000,800.000,13,1.0000
CASE021,8910,719.968,608.458,888.714,800.000,14,1.0000
CASE021,8945,0.000,0.000,662.637,532.648,6,1.0000
CASE021,8945,0.000,0.000,662.637,532.648,9,1.0000
CASE021,8945,639.947,37.759,1280.000,438.788,9,1.0000
CASE021,8945,625.305,413.085,954.566,800.000,15,1.0000
CASE021,8980,0.000,59.952,586.495,592.600,6,1.0000
CASE021,8980,0.000,59.952,586.495,592.600,10,1.0000
CASE021,8980,506.274,183.709,1280.000,800.000,13,1.0000
CASE021,9015,705.852,234.603,1280.000,750.798,15,1.0000
CASE021,9015,485.161,279.497,900.852,800.000,11,1.0000
CASE021,9015,485.161,279.497,900.852,800.000,14,1.0000
CASE021,9015,485.161,279.497,900.852,800.000,15,1.0000
CASE021,9015,129.357,0.000,421.576,63.753,6,1.0000
CASE021,9015,129.357,0.000,421.576,63.753,9,1.0000
CASE021,9050,413.566,228.243,1280.000,800.000,15,1.0000
CASE021,9050,0.000,0.000,454.791,222.108,6,1.0000
CASE021,9050,0.000,0.000,454.791,222.108,10,1.0000
CASE021,9050,738.489,633.136,958.682,800.000,11,1.0000
CASE021,9050,738.489,633.136,958.682,800.000,15,1.0000
CASE021,9085,318.224,104.543,1280.000,800.000,12,1.0000
CASE021,9085,0.000,77.866,216.077,285.578,12,1.0000
CASE021,9120,386.881,0.000,1280.000,800.000,4,1.0000
CASE021,9190,302.219,0.000,715.852,643.702,6,1.0000
CASE021,9190,302.219,0.000,715.852,643.702,10,1.0000
CASE021,9190,435.981,0.000,783.762,368.123,13,1.0000
CASE021,9225,0.000,328.114,440.386,655.107,7,1.0000
CASE021,9225,0.000,328.114,440.386,655.107,13,1.0000
CASE021,9225,860.659,310.051,1280.000,617.459,13,1.0000
CASE021,9225,532.179,428.787,951.986,800.000,14,1.0000
CASE021,9260,520.643,0.000,656.463,143.959,6,1.0000
CASE021,9260,520.643,0.000,656.463,143.959,9,1.0000
CASE021,9260,560.477,368.123,1161.377,800.000,14,1.0000
CASE021,9260,0.000,312.596,409.518,588.175,15,1.0000
CASE021,9260,930.161,379.577,1280.000,655.156,13,1.0000
CASE021,9295,588.553,539.045,786.109,800.000,6,1.0000
CASE021,9295,588.553,539.045,786.109,800.000,10,1.0000
CASE021,9295,0.000,0.000,619.421,240.617,6,1.0000
CASE021,9295,0.000,0.000,619.421,240.617,10,1.0000
CASE021,9295,676.909,198.979,1280.000,579.442,4,1.0000
CASE021,9295,676.909,198.979,1280.000,579.442,7,1.0000
CASE021,9330,0.000,79.793,479.486,303.957,6,1.0000
CASE021,9330,0.000,79.793,479.486,303.957,10,1.0000
CASE021,9330,530.932,157.649,1280.000,800.000,1,1.0000
CASE021,9330,530.932,157.649,1280.000,800.000,4,1.0000
CASE021,9330,530.932,157.649,1280.000,800.000,10,1.0000
CASE021,9330,431.880,295.835,750.851,800.000,15,1.0000
CASE021,9365,267.485,199.179,1280.000,666.017,10,1.0000
CASE021,9365,267.485,199.179,1280.000,666.017,15,1.0000
CASE021,9365,491.543,450.103,754.952,800.000,6,1.0000
CASE021,9365,491.543,450.103,754.952,800.000,9,1.0000
CASE021,9365,491.543,450.103,754.952,800.000,14,1.0000
CASE021,9365,0.000,0.000,286.045,84.319,6,1.0000
CASE021,9365,0.000,0.000,286.045,84.319,10,1.0000
CASE021,9400,0.000,0.000,753.183,150.129,15,1.0000
CASE021,9400,674.606,0.000,1280.000,199.486,1,1.0000
CASE021,9400,674.606,0.000,1280.000,199.486,10,1.0000
CASE021,9400,874.309,686.607,1135.659,800.000,15,1.0000
CASE021,9435,0.000,454.499,806.688,800.000,13,1.0000
CASE021,9435,803.399,325.672,1280.000,669.117,6,1.0000
CASE021,9435,803.399,325.672,1280.000,669.117,10,1.0000
CASE021,9435,0.000,262.345,500.064,630.468,5,1.0000
CASE021,9435,0.000,262.345,500.064,630.468,15,1.0000
CASE021,9435,1003.446,191.493,1280.000,387.406,15,1.0000
CASE021,9470,0.000,97.478,500.064,492.337,6,1.0000
CASE021,9470,0.000,97.478,500.064,492.337,10,1.0000
CASE021,9470,162.283,394.576,524.469,800.000,13,1.0000
CASE021,9505,0.000,289.974,695.563,779.434,6,1.0000
CASE021,9505,0.000,289.974,695.563,779.434,10,1.0000
CASE021,9505,804.630,123.599,1280.000,296.349,13,1.0000
CASE021,9505,681.158,0.000,1280.000,129.563,15,1.0000
CASE021,9540,0.000,0.000,788.167,351.671,6,1.0000
CASE021,9540,0.000,0.000,788.167,351.671,9,1.0000
CASE021,9540,955.545,136.507,1280.000,362.728,13,1.0000
CASE021,9540,0.000,330.823,759.357,800.000,7,1.0000
CASE021,9540,0.000,330.823,759.357,800.000,11,1.0000
CASE021,9575,0.000,343.448,747.010,800.000,13,1.0000
CASE021,9575,955.310,150.567,1280.000,389.128,13,1.0000
CASE021,9610,0.000,308.933,662.637,761.375,6,1.0000
CASE021,9610,0.000,308.933,662.637,761.375,9,1.0000
CASE021,9610,742.894,77.063,1280.000,360.867,7,1.0000
CASE021,9645,769.646,107.620,1280.000,364.690,15,1.0000
CASE021,9645,0.000,184.807,543.280,559.100,15,1.0000
CASE021,9680,0.000,0.000,358.071,183.033,6,1.0000
CASE021,9680,0.000,0.000,358.071,183.033,9,1.0000
CASE021,9680,572.090,0.000,1280.000,324.936,15,1.0000
CASE021,9680,518.296,746.530,641.768,800.000,14,1.0000
CASE021,9680,518.296,746.530,641.768,800.000,15,1.0000
CASE021,9715,0.000,133.799,493.891,479.300,6,1.0000
CASE021,9715,0.000,133.799,493.891,479.300,9,1.0000
CASE021,9715,456.757,0.000,895.085,189.203,4,1.0000
CASE021,9750,786.109,489.177,1280.000,721.568,15,1.0000
CASE021,9750,637.653,0.000,798.167,74.036,10,1.0000
CASE021,9785,116.361,561.440,671.988,800.000,7,1.0000
CASE021,9785,116.361,561.440,671.988,800.000,13,1.0000
CASE021,9785,748.778,464.499,1280.000,624.910,15,1.0000
CASE021,9785,1148.296,262.956,1280.000,419.254,13,1.0000
CASE021,9785,0.000,81.979,642.058,731.851,7,1.0000
CASE021,9785,0.000,81.979,642.058,731.851,15,1.0000
CASE021,9820,463.023,0.000,1280.000,230.334,9,1.0000
CASE021,9820,326.967,457.834,682.980,800.000,15,1.0000
CASE021,9855,390.997,180.029,1280.000,486.456,13,1.0000
CASE021,9855,343.984,388.689,784.370,800.000,9,1.0000
CASE021,9855,343.984,388.689,784.370,800.000,14,1.0000
CASE021,9890,450.675,267.191,1280.000,561.279,10,1.0000
CASE021,9890,594.294,586.118,847.778,800.000,14,1.0000
CASE021,9890,0.000,180.694,251.061,318.483,6,1.0000
CASE021,9890,0.000,180.694,251.061,318.483,9,1.0000
CASE021,9925,504.180,310.540,1280.000,705.398,9,1.0000
CASE021,9925,504.180,310.540,1280.000,705.398,14,1.0000
CASE021,9925,337.492,0.000,1280.000,343.445,15,1.0000
CASE021,9925,0.000,312.314,119.357,460.386,6,1.0000
CASE021,9925,0.000,312.314,119.357,460.386,9,1.0000
CASE021,9960,0.000,184.170,549.453,389.826,13,1.0000
CASE021,9960,99.554,0.000,601.676,228.278,13,1.0000
CASE021,9960,1063.633,596.118,1280.000,800.000,15,1.0000
CASE021,9960,958.682,0.000,1139.775,104.884,13,1.0000
CASE021,9995,0.000,398.972,491.833,800.000,13,1.0000
CASE021,9995,0.000,0.000,771.704,364.010,15,1.0000
CASE021,9995,987.507,0.000,1148.022,224.165,15,1.0000
CASE021,10030,0.000,248.183,539.164,616.307,6,1.0000
CASE021,10030,0.000,248.183,539.164,616.307,9,1.0000
CASE021,10030,976.560,0.000,1280.000,166.581,13,1.0000
CASE021,10030,67.621,0.000,370.129,234.447,13,1.0000
CASE021,10065,0.000,175.763,654.405,416.380,13,1.0000
CASE021,10065,397.080,614.910,722.225,800.000,6,1.0000
CASE021,10065,397.080,614.910,722.225,800.000,9,1.0000
CASE021,10065,687.331,76.949,1280.000,297.000,15,1.0000
CASE021,10100,0.000,211.340,654.405,558.898,13,1.0000
CASE021,10100,635.884,89.322,1280.000,410.145,15,1.0000
CASE021,10135,0.000,232.252,648.232,472.869,6,1.0000
CASE021,10135,0.000,232.252,648.232,472.869,10,1.0000
CASE021,10135,582.436,0.000,1280.000,259.126,11,1.0000
CASE021,10135,582.436,0.000,1280.000,259.126,15,1.0000
CASE021,10135,495.659,559.100,728.199,800.000,6,1.0000
CASE021,10135,495.659,559.100,728.199,800.000,13,1.0000
CASE021,10170,0.000,198.767,753.183,511.363,7,1.0000
CASE021,10170,0.000,198.767,753.183,511.363,15,1.0000
CASE021,10170,732.605,56.688,1280.000,250.004,15,1.0000
CASE021,10170,913.698,468.895,1280.000,767.095,13,1.0000
CASE021,10170,518.296,596.401,738.489,800.000,6,1.0000
CASE021,10170,518.296,596.401,738.489,800.000,13,1.0000
CASE021,10205,736.720,307.015,1280.000,531.180,10,1.0000
CASE021,10205,736.720,307.015,1280.000,531.180,14,1.0000
CASE021,10205,0.000,98.086,654.405,357.212,2,1.0000
CASE021,10205,0.000,98.086,654.405,357.212,15,1.0000
CASE021,10205,833.441,52.174,1280.000,237.264,13,1.0000
CASE021,10205,491.543,590.231,732.315,800.000,6,1.0000
CASE021,10205,491.543,590.231,732.315,800.000,9,1.0000
CASE021,10240,0.000,256.670,586.495,546.644,6,1.0000
CASE021,10240,0.000,256.670,586.495,546.644,10,1.0000
CASE021,10240,616.811,111.754,1280.000,335.918,15,1.0000
CASE021,10240,530.643,699.229,680.868,800.000,6,1.0000
CASE021,10240,530.643,699.229,680.868,800.000,9,1.0000
CASE021,10240,674.695,0.000,1280.000,174.807,15,1.0000
CASE021,10275,656.460,0.000,1280.000,201.542,15,1.0000
CASE021,10275,0.000,0.000,590.611,193.316,6,1.0000
CASE021,10275,0.000,0.000,590.611,193.316,15,1.0000
CASE021,10310,640.460,0.000,1280.000,217.995,6,1.0000
CASE021,10310,640.460,0.000,1280.000,217.995,9,1.0000
CASE021,10345,0.000,343.724,763.473,800.000,2,1.0000
CASE021,10345,0.000,343.724,763.473,800.000,5,1.0000
CASE021,10345,973.376,133.134,1280.000,384.034,6,1.0000
CASE021,10345,973.376,133.134,1280.000,384.034,13,1.0000
CASE021,10380,800.718,128.871,1280.000,289.037,6,1.0000
CASE021,10380,800.718,128.871,1280.000,289.037,13,1.0000
CASE021,10380,0.000,266.176,348.505,595.942,15,1.0000
CASE021,10415,631.541,0.000,1193.342,296.144,2,1.0000
CASE021,10415,631.541,0.000,1193.342,296.144,15,1.0000
CASE021,10415,0.000,60.494,594.727,405.995,6,1.0000
CASE021,10415,0.000,60.494,594.727,405.995,15,1.0000
CASE021,10450,769.646,34.939,1280.000,388.666,6,1.0000
CASE021,10450,769.646,34.939,1280.000,388.666,15,1.0000
CASE021,10450,0.000,88.125,500.064,369.873,7,1.0000
CASE021,10450,0.000,88.125,500.064,369.873,15,1.0000
CASE021,10485,769.646,25.572,1280.000,478.014,6,1.0000
CASE021,10485,769.646,25.572,1280.000,478.014,15,1.0000
CASE021,10485,0.000,93.043,640.000,397.413,6,1.0000
CASE021,10485,0.000,93.043,640.000,397.413,9,1.0000
CASE021,10520,0.000,187.792,524.759,492.163,13,1.0000
CASE021,10555,0.000,153.103,580.322,488.321,15,1.0000
CASE021,10555,720.228,0.000,1280.000,271.465,7,1.0000
CASE021,10555,720.228,0.000,1280.000,271.465,15,1.0000
CASE021,10555,777.588,730.077,909.293,800.000,10,1.0000
CASE021,10555,777.588,730.077,909.293,800.000,14,1.0000
CASE021,10555,777.588,730.077,909.293,800.000,15,1.0000
CASE021,10590,532.990,0.000,1280.000,454.499,2,1.0000
CASE021,10590,532.990,0.000,1280.000,454.499,4,1.0000
CASE021,10590,267.235,0.000,717.910,246.787,13,1.0000
CASE021,10625,0.000,0.000,378.650,220.051,13,1.0000
CASE021,10625,416.944,0.000,1280.000,413.368,15,1.0000
CASE021,10625,532.701,633.136,769.357,800.000,10,1.0000
CASE021,10625,532.701,633.136,769.357,800.000,14,1.0000
CASE021,10660,0.000,141.624,444.502,386.354,15,1.0000
CASE021,10660,637.693,125.449,1280.000,485.346,9,1.0000
CASE021,10695,0.000,0.000,446.559,230.334,13,1.0000
CASE021,10695,628.203,0.000,1280.000,322.879,15,1.0000
CASE021,10730,0.000,0.000,417.749,195.373,13,1.0000
CASE021,10730,598.842,22.622,1280.000,386.632,10,1.0000
CASE021,10730,598.842,22.622,1280.000,386.632,15,1.0000
CASE021,10765,0.000,400.953,500.064,730.002,6,1.0000
CASE021,10765,0.000,400.953,500.064,730.002,10,1.0000
CASE021,10765,321.029,0.000,1280.000,390.746,10,1.0000
CASE021,10800,797.438,429.935,1280.000,800.000,15,1.0000
CASE021,10800,0.000,108.685,681.158,450.073,15,1.0000
CASE021,10800,788.167,86.613,1280.000,325.173,13,1.0000
CASE021,10835,520.590,0.000,1280.000,275.578,15,1.0000
CASE021,10835,0.000,285.578,380.707,637.249,6,1.0000
CASE021,10835,0.000,285.578,380.707,637.249,10,1.0000
CASE021,10870,0.000,243.515,450.675,504.697,13,1.0000
CASE021,10870,589.329,258.007,1280.000,640.714,10,1.0000
CASE021,10870,589.329,258.007,1280.000,640.714,15,1.0000
CASE021,10870,872.319,119.788,1280.000,339.840,13,1.0000
CASE021,10905,165.611,697.172,649.212,800.000,11,1.0000
CASE021,10905,165.611,697.172,649.212,800.000,15,1.0000
CASE021,10905,662.637,214.636,1280.000,510.780,10,1.0000
CASE021,10940,0.000,265.870,565.916,800.000,2,1.0000
CASE021,10940,730.948,285.541,1280.000,515.876,15,1.0000
CASE021,10975,805.010,156.396,1280.000,388.787,13,1.0000
CASE021,10975,0.000,477.668,633.826,800.000,13,1.0000
CASE021,10975,0.000,210.245,679.100,574.256,13,1.0000
CASE021,11010,0.000,440.103,674.984,800.000,13,1.0000
CASE021,11010,0.000,0.000,551.511,160.411,2,1.0000
CASE021,11010,0.000,0.000,551.511,160.411,15,1.0000
CASE021,11010,647.942,42.905,1280.000,357.558,13,1.0000
CASE021,11045,862.251,519.372,1280.000,728.519,13,1.0000
CASE021,11045,0.000,79.988,784.051,423.433,6,1.0000
CASE021,11045,0.000,79.988,784.051,423.433,10,1.0000
CASE021,11045,394.663,627.249,765.081,800.000,13,1.0000
CASE021,11080,0.000,119.498,779.936,532.866,15,1.0000
CASE021,11080,734.662,371.039,1280.000,615.769,6,1.0000
CASE021,11080,734.662,371.039,1280.000,615.769,13,1.0000
CASE021,11115,953.143,583.171,1280.000,735.356,15,1.0000
CASE021,11115,0.000,76.687,734.662,426.302,6,1.0000
CASE021,11115,0.000,76.687,734.662,426.302,15,1.0000
CASE021,11150,723.380,204.157,1280.000,487.961,6,1.0000
CASE021,11150,723.380,204.157,1280.000,487.961,15,1.0000
CASE021,11150,0.000,487.435,714.084,800.000,15,1.0000
CASE021,11150,691.158,515.913,1280.000,800.000,15,1.0000
CASE021,11185,0.000,563.496,652.347,800.000,6,1.0000
CASE021,11185,0.000,563.496,652.347,800.000,10,1.0000
CASE021,11185,967.367,136.543,1280.000,389.499,13,1.0000
CASE021,11185,549.164,487.121,1040.997,800.000,9,1.0000
CASE021,11185,549.164,487.121,1040.997,800.000,14,1.0000
CASE021,11220,898.087,252.935,1280.000,532.627,6,1.0000
CASE021,11220,898.087,252.935,1280.000,532.627,13,1.0000
CASE021,11220,236.367,544.704,415.402,800.000,10,1.0000
CASE021,11220,236.367,544.704,415.402,800.000,14,1.0000
CASE021,11255,0.000,377.310,495.949,622.040,15,1.0000
CASE021,11255,1025.617,586.442,1280.000,765.362,6,1.0000
CASE021,11255,1025.617,586.442,1280.000,765.362,10,1.0000
CASE021,11255,727.608,558.978,1130.952,800.000,15,1.0000
CASE021,11290,0.000,389.550,709.968,759.729,6,1.0000
CASE021,11290,0.000,389.550,709.968,759.729,13,1.0000
CASE021,11290,865.410,485.150,1280.000,670.240,15,1.0000
CASE021,11325,160.225,0.000,518.296,63.753,6,1.0000
CASE021,11325,160.225,0.000,518.296,63.753,9,1.0000
CASE021,11325,442.154,734.190,577.974,800.000,15,1.0000
CASE021,11360,281.258,676.607,569.361,800.000,11,1.0000
CASE021,11360,281.258,676.607,569.361,800.000,15,1.0000
CASE021,11395,549.453,0.000,1280.000,361.954,6,1.0000
CASE021,11395,549.453,0.000,1280.000,361.954,10,1.0000
CASE021,11395,1110.965,534.422,1280.000,688.663,14,1.0000
CASE021,11395,1110.965,534.422,1280.000,688.663,15,1.0000
CASE021,11430,650.289,235.133,1280.000,551.842,6,1.0000
CASE021,11430,650.289,235.133,1280.000,551.842,13,1.0000
CASE021,11430,0.000,520.308,656.463,800.000,6,1.0000
CASE021,11430,0.000,520.308,656.463,800.000,9,1.0000
CASE021,11465,0.000,277.976,598.842,495.971,15,1.0000
CASE021,11465,847.846,366.314,1280.000,709.758,13,1.0000
CASE021,11500,627.653,294.819,1280.000,675.281,6,1.0000
CASE021,11500,627.653,294.819,1280.000,675.281,13,1.0000
CASE021,11500,0.000,388.446,635.884,800.000,6,1.0000
CASE021,11500,0.000,388.446,635.884,800.000,13,1.0000
CASE021,11535,642.058,85.342,1280.000,362.977,7,1.0000
CASE021,11535,642.058,85.342,1280.000,362.977,15,1.0000
CASE021,11535,0.000,343.445,458.907,800.000,6,1.0000
CASE021,11535,0.000,343.445,458.907,800.000,15,1.0000
CASE021,11570,0.000,409.255,648.232,800.000,6,1.0000
CASE021,11570,0.000,409.255,648.232,800.000,10,1.0000
CASE021,11570,927.814,458.329,1280.000,738.021,13,1.0000
CASE021,11605,0.000,241.417,668.810,683.576,6,1.0000
CASE021,11605,0.000,241.417,668.810,683.576,9,1.0000
CASE021,11605,1028.939,281.465,1280.000,598.175,15,1.0000
CASE021,11640,0.000,118.110,518.585,434.819,6,1.0000
CASE021,11640,0.000,118.110,518.585,434.819,15,1.0000
CASE021,11640,639.711,267.069,1280.000,561.157,15,1.0000
CASE021,11675,469.196,376.350,1280.000,800.000,6,1.0000
CASE021,11675,469.196,376.350,1280.000,800.000,9,1.0000
CASE021,11675,0.000,0.000,539.164,143.959,6,1.0000
CASE021,11675,0.000,0.000,539.164,143.959,15,1.0000
CASE021,11710,0.000,247.181,971.318,800.000,15,1.0000
CASE021,11710,1109.196,284.003,1280.000,419.735,15,1.0000
CASE021,11745,770.367,317.364,1280.000,681.375,7,1.0000
CASE021,11745,770.367,317.364,1280.000,681.375,11,1.0000
CASE021,11745,0.000,294.702,477.428,527.093,6,1.0000
CASE021,11745,0.000,294.702,477.428,527.093,9,1.0000
CASE021,11780,623.393,393.275,1280.000,800.000,6,1.0000
CASE021,11780,623.393,393.275,1280.000,800.000,9,1.0000
CASE021,11780,0.000,228.672,626.494,534.495,15,1.0000
